score,method,condition,process,item,subject
10.0,DE,LP3.5,LP35,DE_CosmosLandromat_remix1_LD6,D001
11.0,DE,LP3.5,LP35,DE_CosmosLandromat_remix1_LD6,D002
10.0,DE,LP3.5,LP35,DE_CosmosLandromat_remix1_LD6,D003
11.0,DE,LP3.5,LP35,DE_CosmosLandromat_remix1_LD6,D004
11.0,DE,LP3.5,LP35,DE_CosmosLandromat_remix1_LD6,D008
6.0,DE,LP3.5,LP35,DE_CosmosLandromat_remix1_LD6,D009
6.0,DE,LP3.5,LP35,DE_CosmosLandromat_remix1_LD6,D010
17.0,DE,LP3.5,LP35,DE_CosmosLandromat_remix1_LD6,D011
18.0,DE,LP3.5,LP35,DE_CosmosLandromat_remix3_LD3,D001
10.0,DE,LP3.5,LP35,DE_CosmosLandromat_remix3_LD3,D002
8.0,DE,LP3.5,LP35,DE_CosmosLandromat_remix3_LD3,D003
10.0,DE,LP3.5,LP35,DE_CosmosLandromat_remix3_LD3,D004
10.0,DE,LP3.5,LP35,DE_CosmosLandromat_remix3_LD3,D008
6.0,DE,LP3.5,LP35,DE_CosmosLandromat_remix3_LD3,D009
10.0,DE,LP3.5,LP35,DE_CosmosLandromat_remix3_LD3,D010
10.0,DE,LP3.5,LP35,DE_CosmosLandromat_remix3_LD3,D011
13.0,DE,LP3.5,LP35,DE_ElephantsDream_LD0,D001
10.0,DE,LP3.5,LP35,DE_ElephantsDream_LD0,D002
9.0,DE,LP3.5,LP35,DE_ElephantsDream_LD0,D003
13.0,DE,LP3.5,LP35,DE_ElephantsDream_LD0,D004
10.0,DE,LP3.5,LP35,DE_ElephantsDream_LD0,D008
7.0,DE,LP3.5,LP35,DE_ElephantsDream_LD0,D009
11.0,DE,LP3.5,LP35,DE_ElephantsDream_LD0,D010
17.0,DE,LP3.5,LP35,DE_ElephantsDream_LD0,D011
9.0,DE,LP3.5,LP35,DE_Meridian_remix1_LD3,D001
10.0,DE,LP3.5,LP35,DE_Meridian_remix1_LD3,D002
10.0,DE,LP3.5,LP35,DE_Meridian_remix1_LD3,D003
10.0,DE,LP3.5,LP35,DE_Meridian_remix1_LD3,D004
10.0,DE,LP3.5,LP35,DE_Meridian_remix1_LD3,D008
6.0,DE,LP3.5,LP35,DE_Meridian_remix1_LD3,D009
7.0,DE,LP3.5,LP35,DE_Meridian_remix1_LD3,D010
21.0,DE,LP3.5,LP35,DE_Meridian_remix1_LD3,D011
13.0,DE,LP3.5,LP35,DE_Meridian_remix2_LD6,D001
10.0,DE,LP3.5,LP35,DE_Meridian_remix2_LD6,D002
8.0,DE,LP3.5,LP35,DE_Meridian_remix2_LD6,D003
10.0,DE,LP3.5,LP35,DE_Meridian_remix2_LD6,D004
10.0,DE,LP3.5,LP35,DE_Meridian_remix2_LD6,D008
5.0,DE,LP3.5,LP35,DE_Meridian_remix2_LD6,D009
11.0,DE,LP3.5,LP35,DE_Meridian_remix2_LD6,D010
15.0,DE,LP3.5,LP35,DE_Meridian_remix2_LD6,D011
19.0,DE,LP3.5,LP35,DE_SitaSings_remix1_LD0,D001
11.0,DE,LP3.5,LP35,DE_SitaSings_remix1_LD0,D002
7.0,DE,LP3.5,LP35,DE_SitaSings_remix1_LD0,D003
10.0,DE,LP3.5,LP35,DE_SitaSings_remix1_LD0,D004
10.0,DE,LP3.5,LP35,DE_SitaSings_remix1_LD0,D008
6.0,DE,LP3.5,LP35,DE_SitaSings_remix1_LD0,D009
9.0,DE,LP3.5,LP35,DE_SitaSings_remix1_LD0,D010
7.0,DE,LP3.5,LP35,DE_SitaSings_remix1_LD0,D011
10.0,DE,LP3.5,LP35,DE_SitaSings_remix2_LD6,D001
11.0,DE,LP3.5,LP35,DE_SitaSings_remix2_LD6,D002
8.0,DE,LP3.5,LP35,DE_SitaSings_remix2_LD6,D003
10.0,DE,LP3.5,LP35,DE_SitaSings_remix2_LD6,D004
10.0,DE,LP3.5,LP35,DE_SitaSings_remix2_LD6,D008
9.0,DE,LP3.5,LP35,DE_SitaSings_remix2_LD6,D009
18.0,DE,LP3.5,LP35,DE_SitaSings_remix2_LD6,D010
11.0,DE,LP3.5,LP35,DE_SitaSings_remix2_LD6,D011
9.0,DE,LP3.5,LP35,DE_female_speech_music_1_LD0,D001
10.0,DE,LP3.5,LP35,DE_female_speech_music_1_LD0,D002
5.0,DE,LP3.5,LP35,DE_female_speech_music_1_LD0,D003
10.0,DE,LP3.5,LP35,DE_female_speech_music_1_LD0,D004
10.0,DE,LP3.5,LP35,DE_female_speech_music_1_LD0,D008
8.0,DE,LP3.5,LP35,DE_female_speech_music_1_LD0,D009
10.0,DE,LP3.5,LP35,DE_female_speech_music_1_LD0,D010
13.0,DE,LP3.5,LP35,DE_female_speech_music_1_LD0,D011
15.0,DE,LP3.5,LP35,DE_female_speech_music_2_LD9,D001
11.0,DE,LP3.5,LP35,DE_female_speech_music_2_LD9,D002
8.0,DE,LP3.5,LP35,DE_female_speech_music_2_LD9,D003
10.0,DE,LP3.5,LP35,DE_female_speech_music_2_LD9,D004
10.0,DE,LP3.5,LP35,DE_female_speech_music_2_LD9,D008
8.0,DE,LP3.5,LP35,DE_female_speech_music_2_LD9,D009
5.0,DE,LP3.5,LP35,DE_female_speech_music_2_LD9,D010
16.0,DE,LP3.5,LP35,DE_female_speech_music_2_LD9,D011
5.0,DE,LP3.5,LP35,DE_female_speech_music_3_LD3,D001
10.0,DE,LP3.5,LP35,DE_female_speech_music_3_LD3,D002
7.0,DE,LP3.5,LP35,DE_female_speech_music_3_LD3,D003
10.0,DE,LP3.5,LP35,DE_female_speech_music_3_LD3,D004
10.0,DE,LP3.5,LP35,DE_female_speech_music_3_LD3,D008
6.0,DE,LP3.5,LP35,DE_female_speech_music_3_LD3,D009
9.0,DE,LP3.5,LP35,DE_female_speech_music_3_LD3,D010
12.0,DE,LP3.5,LP35,DE_female_speech_music_3_LD3,D011
19.0,DE,LP7,LP70,DE_CosmosLandromat_remix1_LD6,D001
18.0,DE,LP7,LP70,DE_CosmosLandromat_remix1_LD6,D002
19.0,DE,LP7,LP70,DE_CosmosLandromat_remix1_LD6,D003
18.0,DE,LP7,LP70,DE_CosmosLandromat_remix1_LD6,D004
19.0,DE,LP7,LP70,DE_CosmosLandromat_remix1_LD6,D008
14.0,DE,LP7,LP70,DE_CosmosLandromat_remix1_LD6,D009
20.0,DE,LP7,LP70,DE_CosmosLandromat_remix1_LD6,D010
23.0,DE,LP7,LP70,DE_CosmosLandromat_remix1_LD6,D011
29.0,DE,LP7,LP70,DE_CosmosLandromat_remix3_LD3,D001
18.0,DE,LP7,LP70,DE_CosmosLandromat_remix3_LD3,D002
12.0,DE,LP7,LP70,DE_CosmosLandromat_remix3_LD3,D003
20.0,DE,LP7,LP70,DE_CosmosLandromat_remix3_LD3,D004
20.0,DE,LP7,LP70,DE_CosmosLandromat_remix3_LD3,D008
12.0,DE,LP7,LP70,DE_CosmosLandromat_remix3_LD3,D009
49.0,DE,LP7,LP70,DE_CosmosLandromat_remix3_LD3,D010
17.0,DE,LP7,LP70,DE_CosmosLandromat_remix3_LD3,D011
27.0,DE,LP7,LP70,DE_ElephantsDream_LD0,D001
18.0,DE,LP7,LP70,DE_ElephantsDream_LD0,D002
16.0,DE,LP7,LP70,DE_ElephantsDream_LD0,D003
20.0,DE,LP7,LP70,DE_ElephantsDream_LD0,D004
20.0,DE,LP7,LP70,DE_ElephantsDream_LD0,D008
14.0,DE,LP7,LP70,DE_ElephantsDream_LD0,D009
22.0,DE,LP7,LP70,DE_ElephantsDream_LD0,D010
26.0,DE,LP7,LP70,DE_ElephantsDream_LD0,D011
38.0,DE,LP7,LP70,DE_Meridian_remix1_LD3,D001
18.0,DE,LP7,LP70,DE_Meridian_remix1_LD3,D002
22.0,DE,LP7,LP70,DE_Meridian_remix1_LD3,D003
20.0,DE,LP7,LP70,DE_Meridian_remix1_LD3,D004
20.0,DE,LP7,LP70,DE_Meridian_remix1_LD3,D008
13.0,DE,LP7,LP70,DE_Meridian_remix1_LD3,D009
68.0,DE,LP7,LP70,DE_Meridian_remix1_LD3,D010
29.0,DE,LP7,LP70,DE_Meridian_remix1_LD3,D011
22.0,DE,LP7,LP70,DE_Meridian_remix2_LD6,D001
18.0,DE,LP7,LP70,DE_Meridian_remix2_LD6,D002
23.0,DE,LP7,LP70,DE_Meridian_remix2_LD6,D003
20.0,DE,LP7,LP70,DE_Meridian_remix2_LD6,D004
20.0,DE,LP7,LP70,DE_Meridian_remix2_LD6,D008
14.0,DE,LP7,LP70,DE_Meridian_remix2_LD6,D009
26.0,DE,LP7,LP70,DE_Meridian_remix2_LD6,D010
27.0,DE,LP7,LP70,DE_Meridian_remix2_LD6,D011
34.0,DE,LP7,LP70,DE_SitaSings_remix1_LD0,D001
17.0,DE,LP7,LP70,DE_SitaSings_remix1_LD0,D002
15.0,DE,LP7,LP70,DE_SitaSings_remix1_LD0,D003
20.0,DE,LP7,LP70,DE_SitaSings_remix1_LD0,D004
19.0,DE,LP7,LP70,DE_SitaSings_remix1_LD0,D008
12.0,DE,LP7,LP70,DE_SitaSings_remix1_LD0,D009
18.0,DE,LP7,LP70,DE_SitaSings_remix1_LD0,D010
13.0,DE,LP7,LP70,DE_SitaSings_remix1_LD0,D011
20.0,DE,LP7,LP70,DE_SitaSings_remix2_LD6,D001
19.0,DE,LP7,LP70,DE_SitaSings_remix2_LD6,D002
16.0,DE,LP7,LP70,DE_SitaSings_remix2_LD6,D003
20.0,DE,LP7,LP70,DE_SitaSings_remix2_LD6,D004
22.0,DE,LP7,LP70,DE_SitaSings_remix2_LD6,D008
16.0,DE,LP7,LP70,DE_SitaSings_remix2_LD6,D009
51.0,DE,LP7,LP70,DE_SitaSings_remix2_LD6,D010
22.0,DE,LP7,LP70,DE_SitaSings_remix2_LD6,D011
15.0,DE,LP7,LP70,DE_female_speech_music_1_LD0,D001
19.0,DE,LP7,LP70,DE_female_speech_music_1_LD0,D002
15.0,DE,LP7,LP70,DE_female_speech_music_1_LD0,D003
20.0,DE,LP7,LP70,DE_female_speech_music_1_LD0,D004
20.0,DE,LP7,LP70,DE_female_speech_music_1_LD0,D008
15.0,DE,LP7,LP70,DE_female_speech_music_1_LD0,D009
40.0,DE,LP7,LP70,DE_female_speech_music_1_LD0,D010
21.0,DE,LP7,LP70,DE_female_speech_music_1_LD0,D011
43.0,DE,LP7,LP70,DE_female_speech_music_2_LD9,D001
19.0,DE,LP7,LP70,DE_female_speech_music_2_LD9,D002
12.0,DE,LP7,LP70,DE_female_speech_music_2_LD9,D003
20.0,DE,LP7,LP70,DE_female_speech_music_2_LD9,D004
20.0,DE,LP7,LP70,DE_female_speech_music_2_LD9,D008
15.0,DE,LP7,LP70,DE_female_speech_music_2_LD9,D009
20.0,DE,LP7,LP70,DE_female_speech_music_2_LD9,D010
8.0,DE,LP7,LP70,DE_female_speech_music_2_LD9,D011
13.0,DE,LP7,LP70,DE_female_speech_music_3_LD3,D001
18.0,DE,LP7,LP70,DE_female_speech_music_3_LD3,D002
10.0,DE,LP7,LP70,DE_female_speech_music_3_LD3,D003
20.0,DE,LP7,LP70,DE_female_speech_music_3_LD3,D004
20.0,DE,LP7,LP70,DE_female_speech_music_3_LD3,D008
17.0,DE,LP7,LP70,DE_female_speech_music_3_LD3,D009
24.0,DE,LP7,LP70,DE_female_speech_music_3_LD3,D010
36.0,DE,LP7,LP70,DE_female_speech_music_3_LD3,D011
28.0,DE,Q1,OpenUnmix_mid,DE_CosmosLandromat_remix1_LD6,D001
40.0,DE,Q1,OpenUnmix_mid,DE_CosmosLandromat_remix1_LD6,D002
24.0,DE,Q1,OpenUnmix_mid,DE_CosmosLandromat_remix1_LD6,D003
33.0,DE,Q1,OpenUnmix_mid,DE_CosmosLandromat_remix1_LD6,D004
42.0,DE,Q1,OpenUnmix_mid,DE_CosmosLandromat_remix1_LD6,D008
60.0,DE,Q1,OpenUnmix_mid,DE_CosmosLandromat_remix1_LD6,D009
33.0,DE,Q1,OpenUnmix_mid,DE_CosmosLandromat_remix1_LD6,D010
9.0,DE,Q1,OpenUnmix_mid,DE_CosmosLandromat_remix1_LD6,D011
32.0,DE,Q1,OpenUnmix_mid,DE_CosmosLandromat_remix3_LD3,D001
48.0,DE,Q1,OpenUnmix_mid,DE_CosmosLandromat_remix3_LD3,D002
23.0,DE,Q1,OpenUnmix_mid,DE_CosmosLandromat_remix3_LD3,D003
58.0,DE,Q1,OpenUnmix_mid,DE_CosmosLandromat_remix3_LD3,D004
32.0,DE,Q1,OpenUnmix_mid,DE_CosmosLandromat_remix3_LD3,D008
73.0,DE,Q1,OpenUnmix_mid,DE_CosmosLandromat_remix3_LD3,D009
14.0,DE,Q1,OpenUnmix_mid,DE_CosmosLandromat_remix3_LD3,D010
38.0,DE,Q1,OpenUnmix_mid,DE_CosmosLandromat_remix3_LD3,D011
45.0,DE,Q1,OpenUnmix_mid,DE_ElephantsDream_LD0,D001
45.0,DE,Q1,OpenUnmix_mid,DE_ElephantsDream_LD0,D002
21.0,DE,Q1,OpenUnmix_mid,DE_ElephantsDream_LD0,D003
41.0,DE,Q1,OpenUnmix_mid,DE_ElephantsDream_LD0,D004
38.0,DE,Q1,OpenUnmix_mid,DE_ElephantsDream_LD0,D008
60.0,DE,Q1,OpenUnmix_mid,DE_ElephantsDream_LD0,D009
55.0,DE,Q1,OpenUnmix_mid,DE_ElephantsDream_LD0,D010
37.0,DE,Q1,OpenUnmix_mid,DE_ElephantsDream_LD0,D011
24.0,DE,Q1,OpenUnmix_mid,DE_Meridian_remix1_LD3,D001
52.0,DE,Q1,OpenUnmix_mid,DE_Meridian_remix1_LD3,D002
14.0,DE,Q1,OpenUnmix_mid,DE_Meridian_remix1_LD3,D003
30.0,DE,Q1,OpenUnmix_mid,DE_Meridian_remix1_LD3,D004
38.0,DE,Q1,OpenUnmix_mid,DE_Meridian_remix1_LD3,D008
65.0,DE,Q1,OpenUnmix_mid,DE_Meridian_remix1_LD3,D009
36.0,DE,Q1,OpenUnmix_mid,DE_Meridian_remix1_LD3,D010
33.0,DE,Q1,OpenUnmix_mid,DE_Meridian_remix1_LD3,D011
32.0,DE,Q1,OpenUnmix_mid,DE_Meridian_remix2_LD6,D001
45.0,DE,Q1,OpenUnmix_mid,DE_Meridian_remix2_LD6,D002
31.0,DE,Q1,OpenUnmix_mid,DE_Meridian_remix2_LD6,D003
75.0,DE,Q1,OpenUnmix_mid,DE_Meridian_remix2_LD6,D004
30.0,DE,Q1,OpenUnmix_mid,DE_Meridian_remix2_LD6,D008
50.0,DE,Q1,OpenUnmix_mid,DE_Meridian_remix2_LD6,D009
25.0,DE,Q1,OpenUnmix_mid,DE_Meridian_remix2_LD6,D010
38.0,DE,Q1,OpenUnmix_mid,DE_Meridian_remix2_LD6,D011
30.0,DE,Q1,OpenUnmix_mid,DE_SitaSings_remix1_LD0,D001
28.0,DE,Q1,OpenUnmix_mid,DE_SitaSings_remix1_LD0,D002
21.0,DE,Q1,OpenUnmix_mid,DE_SitaSings_remix1_LD0,D003
29.0,DE,Q1,OpenUnmix_mid,DE_SitaSings_remix1_LD0,D004
38.0,DE,Q1,OpenUnmix_mid,DE_SitaSings_remix1_LD0,D008
50.0,DE,Q1,OpenUnmix_mid,DE_SitaSings_remix1_LD0,D009
60.0,DE,Q1,OpenUnmix_mid,DE_SitaSings_remix1_LD0,D010
28.0,DE,Q1,OpenUnmix_mid,DE_SitaSings_remix1_LD0,D011
31.0,DE,Q1,OpenUnmix_mid,DE_SitaSings_remix2_LD6,D001
47.0,DE,Q1,OpenUnmix_mid,DE_SitaSings_remix2_LD6,D002
15.0,DE,Q1,OpenUnmix_mid,DE_SitaSings_remix2_LD6,D003
66.0,DE,Q1,OpenUnmix_mid,DE_SitaSings_remix2_LD6,D004
41.0,DE,Q1,OpenUnmix_mid,DE_SitaSings_remix2_LD6,D008
60.0,DE,Q1,OpenUnmix_mid,DE_SitaSings_remix2_LD6,D009
34.0,DE,Q1,OpenUnmix_mid,DE_SitaSings_remix2_LD6,D010
28.0,DE,Q1,OpenUnmix_mid,DE_SitaSings_remix2_LD6,D011
35.0,DE,Q1,OpenUnmix_mid,DE_female_speech_music_1_LD0,D001
60.0,DE,Q1,OpenUnmix_mid,DE_female_speech_music_1_LD0,D002
32.0,DE,Q1,OpenUnmix_mid,DE_female_speech_music_1_LD0,D003
78.0,DE,Q1,OpenUnmix_mid,DE_female_speech_music_1_LD0,D004
33.0,DE,Q1,OpenUnmix_mid,DE_female_speech_music_1_LD0,D008
88.0,DE,Q1,OpenUnmix_mid,DE_female_speech_music_1_LD0,D009
31.0,DE,Q1,OpenUnmix_mid,DE_female_speech_music_1_LD0,D010
35.0,DE,Q1,OpenUnmix_mid,DE_female_speech_music_1_LD0,D011
36.0,DE,Q1,OpenUnmix_mid,DE_female_speech_music_2_LD9,D001
72.0,DE,Q1,OpenUnmix_mid,DE_female_speech_music_2_LD9,D002
17.0,DE,Q1,OpenUnmix_mid,DE_female_speech_music_2_LD9,D003
50.0,DE,Q1,OpenUnmix_mid,DE_female_speech_music_2_LD9,D004
36.0,DE,Q1,OpenUnmix_mid,DE_female_speech_music_2_LD9,D008
70.0,DE,Q1,OpenUnmix_mid,DE_female_speech_music_2_LD9,D009
49.0,DE,Q1,OpenUnmix_mid,DE_female_speech_music_2_LD9,D010
30.0,DE,Q1,OpenUnmix_mid,DE_female_speech_music_2_LD9,D011
19.0,DE,Q1,OpenUnmix_mid,DE_female_speech_music_3_LD3,D001
50.0,DE,Q1,OpenUnmix_mid,DE_female_speech_music_3_LD3,D002
16.0,DE,Q1,OpenUnmix_mid,DE_female_speech_music_3_LD3,D003
23.0,DE,Q1,OpenUnmix_mid,DE_female_speech_music_3_LD3,D004
30.0,DE,Q1,OpenUnmix_mid,DE_female_speech_music_3_LD3,D008
57.0,DE,Q1,OpenUnmix_mid,DE_female_speech_music_3_LD3,D009
46.0,DE,Q1,OpenUnmix_mid,DE_female_speech_music_3_LD3,D010
7.0,DE,Q1,OpenUnmix_mid,DE_female_speech_music_3_LD3,D011
60.0,DE,Q2,TFC_TDF_U_Net_mid,DE_CosmosLandromat_remix1_LD6,D001
59.0,DE,Q2,TFC_TDF_U_Net_mid,DE_CosmosLandromat_remix1_LD6,D002
29.0,DE,Q2,TFC_TDF_U_Net_mid,DE_CosmosLandromat_remix1_LD6,D003
65.0,DE,Q2,TFC_TDF_U_Net_mid,DE_CosmosLandromat_remix1_LD6,D004
55.0,DE,Q2,TFC_TDF_U_Net_mid,DE_CosmosLandromat_remix1_LD6,D008
70.0,DE,Q2,TFC_TDF_U_Net_mid,DE_CosmosLandromat_remix1_LD6,D009
44.0,DE,Q2,TFC_TDF_U_Net_mid,DE_CosmosLandromat_remix1_LD6,D010
27.0,DE,Q2,TFC_TDF_U_Net_mid,DE_CosmosLandromat_remix1_LD6,D011
40.0,DE,Q2,TFC_TDF_U_Net_mid,DE_CosmosLandromat_remix3_LD3,D001
58.0,DE,Q2,TFC_TDF_U_Net_mid,DE_CosmosLandromat_remix3_LD3,D002
44.0,DE,Q2,TFC_TDF_U_Net_mid,DE_CosmosLandromat_remix3_LD3,D003
63.0,DE,Q2,TFC_TDF_U_Net_mid,DE_CosmosLandromat_remix3_LD3,D004
60.0,DE,Q2,TFC_TDF_U_Net_mid,DE_CosmosLandromat_remix3_LD3,D008
78.0,DE,Q2,TFC_TDF_U_Net_mid,DE_CosmosLandromat_remix3_LD3,D009
71.0,DE,Q2,TFC_TDF_U_Net_mid,DE_CosmosLandromat_remix3_LD3,D010
52.0,DE,Q2,TFC_TDF_U_Net_mid,DE_CosmosLandromat_remix3_LD3,D011
40.0,DE,Q2,TFC_TDF_U_Net_mid,DE_ElephantsDream_LD0,D001
58.0,DE,Q2,TFC_TDF_U_Net_mid,DE_ElephantsDream_LD0,D002
41.0,DE,Q2,TFC_TDF_U_Net_mid,DE_ElephantsDream_LD0,D003
77.0,DE,Q2,TFC_TDF_U_Net_mid,DE_ElephantsDream_LD0,D004
50.0,DE,Q2,TFC_TDF_U_Net_mid,DE_ElephantsDream_LD0,D008
75.0,DE,Q2,TFC_TDF_U_Net_mid,DE_ElephantsDream_LD0,D009
41.0,DE,Q2,TFC_TDF_U_Net_mid,DE_ElephantsDream_LD0,D010
49.0,DE,Q2,TFC_TDF_U_Net_mid,DE_ElephantsDream_LD0,D011
57.0,DE,Q2,TFC_TDF_U_Net_mid,DE_Meridian_remix1_LD3,D001
73.0,DE,Q2,TFC_TDF_U_Net_mid,DE_Meridian_remix1_LD3,D002
27.0,DE,Q2,TFC_TDF_U_Net_mid,DE_Meridian_remix1_LD3,D003
78.0,DE,Q2,TFC_TDF_U_Net_mid,DE_Meridian_remix1_LD3,D004
46.0,DE,Q2,TFC_TDF_U_Net_mid,DE_Meridian_remix1_LD3,D008
77.0,DE,Q2,TFC_TDF_U_Net_mid,DE_Meridian_remix1_LD3,D009
69.0,DE,Q2,TFC_TDF_U_Net_mid,DE_Meridian_remix1_LD3,D010
54.0,DE,Q2,TFC_TDF_U_Net_mid,DE_Meridian_remix1_LD3,D011
67.0,DE,Q2,TFC_TDF_U_Net_mid,DE_Meridian_remix2_LD6,D001
51.0,DE,Q2,TFC_TDF_U_Net_mid,DE_Meridian_remix2_LD6,D002
47.0,DE,Q2,TFC_TDF_U_Net_mid,DE_Meridian_remix2_LD6,D003
69.0,DE,Q2,TFC_TDF_U_Net_mid,DE_Meridian_remix2_LD6,D004
62.0,DE,Q2,TFC_TDF_U_Net_mid,DE_Meridian_remix2_LD6,D008
79.0,DE,Q2,TFC_TDF_U_Net_mid,DE_Meridian_remix2_LD6,D009
39.0,DE,Q2,TFC_TDF_U_Net_mid,DE_Meridian_remix2_LD6,D010
40.0,DE,Q2,TFC_TDF_U_Net_mid,DE_Meridian_remix2_LD6,D011
46.0,DE,Q2,TFC_TDF_U_Net_mid,DE_SitaSings_remix1_LD0,D001
36.0,DE,Q2,TFC_TDF_U_Net_mid,DE_SitaSings_remix1_LD0,D002
39.0,DE,Q2,TFC_TDF_U_Net_mid,DE_SitaSings_remix1_LD0,D003
47.0,DE,Q2,TFC_TDF_U_Net_mid,DE_SitaSings_remix1_LD0,D004
44.0,DE,Q2,TFC_TDF_U_Net_mid,DE_SitaSings_remix1_LD0,D008
70.0,DE,Q2,TFC_TDF_U_Net_mid,DE_SitaSings_remix1_LD0,D009
45.0,DE,Q2,TFC_TDF_U_Net_mid,DE_SitaSings_remix1_LD0,D010
36.0,DE,Q2,TFC_TDF_U_Net_mid,DE_SitaSings_remix1_LD0,D011
40.0,DE,Q2,TFC_TDF_U_Net_mid,DE_SitaSings_remix2_LD6,D001
56.0,DE,Q2,TFC_TDF_U_Net_mid,DE_SitaSings_remix2_LD6,D002
41.0,DE,Q2,TFC_TDF_U_Net_mid,DE_SitaSings_remix2_LD6,D003
78.0,DE,Q2,TFC_TDF_U_Net_mid,DE_SitaSings_remix2_LD6,D004
52.0,DE,Q2,TFC_TDF_U_Net_mid,DE_SitaSings_remix2_LD6,D008
75.0,DE,Q2,TFC_TDF_U_Net_mid,DE_SitaSings_remix2_LD6,D009
77.0,DE,Q2,TFC_TDF_U_Net_mid,DE_SitaSings_remix2_LD6,D010
38.0,DE,Q2,TFC_TDF_U_Net_mid,DE_SitaSings_remix2_LD6,D011
74.0,DE,Q2,TFC_TDF_U_Net_mid,DE_female_speech_music_1_LD0,D001
79.0,DE,Q2,TFC_TDF_U_Net_mid,DE_female_speech_music_1_LD0,D002
38.0,DE,Q2,TFC_TDF_U_Net_mid,DE_female_speech_music_1_LD0,D003
50.0,DE,Q2,TFC_TDF_U_Net_mid,DE_female_speech_music_1_LD0,D004
43.0,DE,Q2,TFC_TDF_U_Net_mid,DE_female_speech_music_1_LD0,D008
75.0,DE,Q2,TFC_TDF_U_Net_mid,DE_female_speech_music_1_LD0,D009
76.0,DE,Q2,TFC_TDF_U_Net_mid,DE_female_speech_music_1_LD0,D010
43.0,DE,Q2,TFC_TDF_U_Net_mid,DE_female_speech_music_1_LD0,D011
84.0,DE,Q2,TFC_TDF_U_Net_mid,DE_female_speech_music_2_LD9,D001
85.0,DE,Q2,TFC_TDF_U_Net_mid,DE_female_speech_music_2_LD9,D002
91.0,DE,Q2,TFC_TDF_U_Net_mid,DE_female_speech_music_2_LD9,D003
76.0,DE,Q2,TFC_TDF_U_Net_mid,DE_female_speech_music_2_LD9,D004
56.0,DE,Q2,TFC_TDF_U_Net_mid,DE_female_speech_music_2_LD9,D008
85.0,DE,Q2,TFC_TDF_U_Net_mid,DE_female_speech_music_2_LD9,D009
63.0,DE,Q2,TFC_TDF_U_Net_mid,DE_female_speech_music_2_LD9,D010
94.0,DE,Q2,TFC_TDF_U_Net_mid,DE_female_speech_music_2_LD9,D011
52.0,DE,Q2,TFC_TDF_U_Net_mid,DE_female_speech_music_3_LD3,D001
57.0,DE,Q2,TFC_TDF_U_Net_mid,DE_female_speech_music_3_LD3,D002
35.0,DE,Q2,TFC_TDF_U_Net_mid,DE_female_speech_music_3_LD3,D003
80.0,DE,Q2,TFC_TDF_U_Net_mid,DE_female_speech_music_3_LD3,D004
45.0,DE,Q2,TFC_TDF_U_Net_mid,DE_female_speech_music_3_LD3,D008
73.0,DE,Q2,TFC_TDF_U_Net_mid,DE_female_speech_music_3_LD3,D009
58.0,DE,Q2,TFC_TDF_U_Net_mid,DE_female_speech_music_3_LD3,D010
64.0,DE,Q2,TFC_TDF_U_Net_mid,DE_female_speech_music_3_LD3,D011
77.0,DE,Q3,Cocktail_mid,DE_CosmosLandromat_remix1_LD6,D001
47.0,DE,Q3,Cocktail_mid,DE_CosmosLandromat_remix1_LD6,D002
41.0,DE,Q3,Cocktail_mid,DE_CosmosLandromat_remix1_LD6,D003
51.0,DE,Q3,Cocktail_mid,DE_CosmosLandromat_remix1_LD6,D004
34.0,DE,Q3,Cocktail_mid,DE_CosmosLandromat_remix1_LD6,D008
80.0,DE,Q3,Cocktail_mid,DE_CosmosLandromat_remix1_LD6,D009
87.0,DE,Q3,Cocktail_mid,DE_CosmosLandromat_remix1_LD6,D010
37.0,DE,Q3,Cocktail_mid,DE_CosmosLandromat_remix1_LD6,D011
80.0,DE,Q3,Cocktail_mid,DE_CosmosLandromat_remix3_LD3,D001
76.0,DE,Q3,Cocktail_mid,DE_CosmosLandromat_remix3_LD3,D002
56.0,DE,Q3,Cocktail_mid,DE_CosmosLandromat_remix3_LD3,D003
73.0,DE,Q3,Cocktail_mid,DE_CosmosLandromat_remix3_LD3,D004
51.0,DE,Q3,Cocktail_mid,DE_CosmosLandromat_remix3_LD3,D008
81.0,DE,Q3,Cocktail_mid,DE_CosmosLandromat_remix3_LD3,D009
60.0,DE,Q3,Cocktail_mid,DE_CosmosLandromat_remix3_LD3,D010
65.0,DE,Q3,Cocktail_mid,DE_CosmosLandromat_remix3_LD3,D011
97.0,DE,Q3,Cocktail_mid,DE_ElephantsDream_LD0,D001
67.0,DE,Q3,Cocktail_mid,DE_ElephantsDream_LD0,D002
72.0,DE,Q3,Cocktail_mid,DE_ElephantsDream_LD0,D003
78.0,DE,Q3,Cocktail_mid,DE_ElephantsDream_LD0,D004
67.0,DE,Q3,Cocktail_mid,DE_ElephantsDream_LD0,D008
93.0,DE,Q3,Cocktail_mid,DE_ElephantsDream_LD0,D009
68.0,DE,Q3,Cocktail_mid,DE_ElephantsDream_LD0,D010
52.0,DE,Q3,Cocktail_mid,DE_ElephantsDream_LD0,D011
77.0,DE,Q3,Cocktail_mid,DE_Meridian_remix1_LD3,D001
64.0,DE,Q3,Cocktail_mid,DE_Meridian_remix1_LD3,D002
52.0,DE,Q3,Cocktail_mid,DE_Meridian_remix1_LD3,D003
86.0,DE,Q3,Cocktail_mid,DE_Meridian_remix1_LD3,D004
60.0,DE,Q3,Cocktail_mid,DE_Meridian_remix1_LD3,D008
72.0,DE,Q3,Cocktail_mid,DE_Meridian_remix1_LD3,D009
78.0,DE,Q3,Cocktail_mid,DE_Meridian_remix1_LD3,D010
40.0,DE,Q3,Cocktail_mid,DE_Meridian_remix1_LD3,D011
83.0,DE,Q3,Cocktail_mid,DE_Meridian_remix2_LD6,D001
65.0,DE,Q3,Cocktail_mid,DE_Meridian_remix2_LD6,D002
57.0,DE,Q3,Cocktail_mid,DE_Meridian_remix2_LD6,D003
80.0,DE,Q3,Cocktail_mid,DE_Meridian_remix2_LD6,D004
52.0,DE,Q3,Cocktail_mid,DE_Meridian_remix2_LD6,D008
78.0,DE,Q3,Cocktail_mid,DE_Meridian_remix2_LD6,D009
88.0,DE,Q3,Cocktail_mid,DE_Meridian_remix2_LD6,D010
54.0,DE,Q3,Cocktail_mid,DE_Meridian_remix2_LD6,D011
53.0,DE,Q3,Cocktail_mid,DE_SitaSings_remix1_LD0,D001
61.0,DE,Q3,Cocktail_mid,DE_SitaSings_remix1_LD0,D002
33.0,DE,Q3,Cocktail_mid,DE_SitaSings_remix1_LD0,D003
43.0,DE,Q3,Cocktail_mid,DE_SitaSings_remix1_LD0,D004
57.0,DE,Q3,Cocktail_mid,DE_SitaSings_remix1_LD0,D008
61.0,DE,Q3,Cocktail_mid,DE_SitaSings_remix1_LD0,D009
66.0,DE,Q3,Cocktail_mid,DE_SitaSings_remix1_LD0,D010
47.0,DE,Q3,Cocktail_mid,DE_SitaSings_remix1_LD0,D011
54.0,DE,Q3,Cocktail_mid,DE_SitaSings_remix2_LD6,D001
72.0,DE,Q3,Cocktail_mid,DE_SitaSings_remix2_LD6,D002
32.0,DE,Q3,Cocktail_mid,DE_SitaSings_remix2_LD6,D003
73.0,DE,Q3,Cocktail_mid,DE_SitaSings_remix2_LD6,D004
65.0,DE,Q3,Cocktail_mid,DE_SitaSings_remix2_LD6,D008
80.0,DE,Q3,Cocktail_mid,DE_SitaSings_remix2_LD6,D009
77.0,DE,Q3,Cocktail_mid,DE_SitaSings_remix2_LD6,D010
42.0,DE,Q3,Cocktail_mid,DE_SitaSings_remix2_LD6,D011
53.0,DE,Q3,Cocktail_mid,DE_female_speech_music_1_LD0,D001
74.0,DE,Q3,Cocktail_mid,DE_female_speech_music_1_LD0,D002
30.0,DE,Q3,Cocktail_mid,DE_female_speech_music_1_LD0,D003
58.0,DE,Q3,Cocktail_mid,DE_female_speech_music_1_LD0,D004
54.0,DE,Q3,Cocktail_mid,DE_female_speech_music_1_LD0,D008
83.0,DE,Q3,Cocktail_mid,DE_female_speech_music_1_LD0,D009
84.0,DE,Q3,Cocktail_mid,DE_female_speech_music_1_LD0,D010
68.0,DE,Q3,Cocktail_mid,DE_female_speech_music_1_LD0,D011
58.0,DE,Q3,Cocktail_mid,DE_female_speech_music_2_LD9,D001
53.0,DE,Q3,Cocktail_mid,DE_female_speech_music_2_LD9,D002
30.0,DE,Q3,Cocktail_mid,DE_female_speech_music_2_LD9,D003
66.0,DE,Q3,Cocktail_mid,DE_female_speech_music_2_LD9,D004
68.0,DE,Q3,Cocktail_mid,DE_female_speech_music_2_LD9,D008
96.0,DE,Q3,Cocktail_mid,DE_female_speech_music_2_LD9,D009
74.0,DE,Q3,Cocktail_mid,DE_female_speech_music_2_LD9,D010
55.0,DE,Q3,Cocktail_mid,DE_female_speech_music_2_LD9,D011
84.0,DE,Q3,Cocktail_mid,DE_female_speech_music_3_LD3,D001
80.0,DE,Q3,Cocktail_mid,DE_female_speech_music_3_LD3,D002
70.0,DE,Q3,Cocktail_mid,DE_female_speech_music_3_LD3,D003
63.0,DE,Q3,Cocktail_mid,DE_female_speech_music_3_LD3,D004
64.0,DE,Q3,Cocktail_mid,DE_female_speech_music_3_LD3,D008
66.0,DE,Q3,Cocktail_mid,DE_female_speech_music_3_LD3,D009
81.0,DE,Q3,Cocktail_mid,DE_female_speech_music_3_LD3,D010
71.0,DE,Q3,Cocktail_mid,DE_female_speech_music_3_LD3,D011
68.0,DE,Q4,DeepFilterNet2_mid,DE_CosmosLandromat_remix1_LD6,D001
80.0,DE,Q4,DeepFilterNet2_mid,DE_CosmosLandromat_remix1_LD6,D002
73.0,DE,Q4,DeepFilterNet2_mid,DE_CosmosLandromat_remix1_LD6,D003
64.0,DE,Q4,DeepFilterNet2_mid,DE_CosmosLandromat_remix1_LD6,D004
76.0,DE,Q4,DeepFilterNet2_mid,DE_CosmosLandromat_remix1_LD6,D008
88.0,DE,Q4,DeepFilterNet2_mid,DE_CosmosLandromat_remix1_LD6,D009
59.0,DE,Q4,DeepFilterNet2_mid,DE_CosmosLandromat_remix1_LD6,D010
45.0,DE,Q4,DeepFilterNet2_mid,DE_CosmosLandromat_remix1_LD6,D011
70.0,DE,Q4,DeepFilterNet2_mid,DE_CosmosLandromat_remix3_LD3,D001
74.0,DE,Q4,DeepFilterNet2_mid,DE_CosmosLandromat_remix3_LD3,D002
70.0,DE,Q4,DeepFilterNet2_mid,DE_CosmosLandromat_remix3_LD3,D003
79.0,DE,Q4,DeepFilterNet2_mid,DE_CosmosLandromat_remix3_LD3,D004
75.0,DE,Q4,DeepFilterNet2_mid,DE_CosmosLandromat_remix3_LD3,D008
95.0,DE,Q4,DeepFilterNet2_mid,DE_CosmosLandromat_remix3_LD3,D009
84.0,DE,Q4,DeepFilterNet2_mid,DE_CosmosLandromat_remix3_LD3,D010
73.0,DE,Q4,DeepFilterNet2_mid,DE_CosmosLandromat_remix3_LD3,D011
90.0,DE,Q4,DeepFilterNet2_mid,DE_ElephantsDream_LD0,D001
75.0,DE,Q4,DeepFilterNet2_mid,DE_ElephantsDream_LD0,D002
84.0,DE,Q4,DeepFilterNet2_mid,DE_ElephantsDream_LD0,D003
99.0,DE,Q4,DeepFilterNet2_mid,DE_ElephantsDream_LD0,D004
76.0,DE,Q4,DeepFilterNet2_mid,DE_ElephantsDream_LD0,D008
100.0,DE,Q4,DeepFilterNet2_mid,DE_ElephantsDream_LD0,D009
80.0,DE,Q4,DeepFilterNet2_mid,DE_ElephantsDream_LD0,D010
70.0,DE,Q4,DeepFilterNet2_mid,DE_ElephantsDream_LD0,D011
82.0,DE,Q4,DeepFilterNet2_mid,DE_Meridian_remix1_LD3,D001
78.0,DE,Q4,DeepFilterNet2_mid,DE_Meridian_remix1_LD3,D002
36.0,DE,Q4,DeepFilterNet2_mid,DE_Meridian_remix1_LD3,D003
75.0,DE,Q4,DeepFilterNet2_mid,DE_Meridian_remix1_LD3,D004
83.0,DE,Q4,DeepFilterNet2_mid,DE_Meridian_remix1_LD3,D008
85.0,DE,Q4,DeepFilterNet2_mid,DE_Meridian_remix1_LD3,D009
90.0,DE,Q4,DeepFilterNet2_mid,DE_Meridian_remix1_LD3,D010
65.0,DE,Q4,DeepFilterNet2_mid,DE_Meridian_remix1_LD3,D011
75.0,DE,Q4,DeepFilterNet2_mid,DE_Meridian_remix2_LD6,D001
70.0,DE,Q4,DeepFilterNet2_mid,DE_Meridian_remix2_LD6,D002
66.0,DE,Q4,DeepFilterNet2_mid,DE_Meridian_remix2_LD6,D003
78.0,DE,Q4,DeepFilterNet2_mid,DE_Meridian_remix2_LD6,D004
77.0,DE,Q4,DeepFilterNet2_mid,DE_Meridian_remix2_LD6,D008
95.0,DE,Q4,DeepFilterNet2_mid,DE_Meridian_remix2_LD6,D009
78.0,DE,Q4,DeepFilterNet2_mid,DE_Meridian_remix2_LD6,D010
69.0,DE,Q4,DeepFilterNet2_mid,DE_Meridian_remix2_LD6,D011
66.0,DE,Q4,DeepFilterNet2_mid,DE_SitaSings_remix1_LD0,D001
48.0,DE,Q4,DeepFilterNet2_mid,DE_SitaSings_remix1_LD0,D002
55.0,DE,Q4,DeepFilterNet2_mid,DE_SitaSings_remix1_LD0,D003
73.0,DE,Q4,DeepFilterNet2_mid,DE_SitaSings_remix1_LD0,D004
73.0,DE,Q4,DeepFilterNet2_mid,DE_SitaSings_remix1_LD0,D008
87.0,DE,Q4,DeepFilterNet2_mid,DE_SitaSings_remix1_LD0,D009
82.0,DE,Q4,DeepFilterNet2_mid,DE_SitaSings_remix1_LD0,D010
75.0,DE,Q4,DeepFilterNet2_mid,DE_SitaSings_remix1_LD0,D011
67.0,DE,Q4,DeepFilterNet2_mid,DE_SitaSings_remix2_LD6,D001
85.0,DE,Q4,DeepFilterNet2_mid,DE_SitaSings_remix2_LD6,D002
72.0,DE,Q4,DeepFilterNet2_mid,DE_SitaSings_remix2_LD6,D003
82.0,DE,Q4,DeepFilterNet2_mid,DE_SitaSings_remix2_LD6,D004
73.0,DE,Q4,DeepFilterNet2_mid,DE_SitaSings_remix2_LD6,D008
91.0,DE,Q4,DeepFilterNet2_mid,DE_SitaSings_remix2_LD6,D009
88.0,DE,Q4,DeepFilterNet2_mid,DE_SitaSings_remix2_LD6,D010
67.0,DE,Q4,DeepFilterNet2_mid,DE_SitaSings_remix2_LD6,D011
89.0,DE,Q4,DeepFilterNet2_mid,DE_female_speech_music_1_LD0,D001
65.0,DE,Q4,DeepFilterNet2_mid,DE_female_speech_music_1_LD0,D002
64.0,DE,Q4,DeepFilterNet2_mid,DE_female_speech_music_1_LD0,D003
68.0,DE,Q4,DeepFilterNet2_mid,DE_female_speech_music_1_LD0,D004
66.0,DE,Q4,DeepFilterNet2_mid,DE_female_speech_music_1_LD0,D008
82.0,DE,Q4,DeepFilterNet2_mid,DE_female_speech_music_1_LD0,D009
60.0,DE,Q4,DeepFilterNet2_mid,DE_female_speech_music_1_LD0,D010
53.0,DE,Q4,DeepFilterNet2_mid,DE_female_speech_music_1_LD0,D011
78.0,DE,Q4,DeepFilterNet2_mid,DE_female_speech_music_2_LD9,D001
60.0,DE,Q4,DeepFilterNet2_mid,DE_female_speech_music_2_LD9,D002
54.0,DE,Q4,DeepFilterNet2_mid,DE_female_speech_music_2_LD9,D003
75.0,DE,Q4,DeepFilterNet2_mid,DE_female_speech_music_2_LD9,D004
80.0,DE,Q4,DeepFilterNet2_mid,DE_female_speech_music_2_LD9,D008
88.0,DE,Q4,DeepFilterNet2_mid,DE_female_speech_music_2_LD9,D009
85.0,DE,Q4,DeepFilterNet2_mid,DE_female_speech_music_2_LD9,D010
62.0,DE,Q4,DeepFilterNet2_mid,DE_female_speech_music_2_LD9,D011
68.0,DE,Q4,DeepFilterNet2_mid,DE_female_speech_music_3_LD3,D001
70.0,DE,Q4,DeepFilterNet2_mid,DE_female_speech_music_3_LD3,D002
63.0,DE,Q4,DeepFilterNet2_mid,DE_female_speech_music_3_LD3,D003
73.0,DE,Q4,DeepFilterNet2_mid,DE_female_speech_music_3_LD3,D004
76.0,DE,Q4,DeepFilterNet2_mid,DE_female_speech_music_3_LD3,D008
91.0,DE,Q4,DeepFilterNet2_mid,DE_female_speech_music_3_LD3,D009
70.0,DE,Q4,DeepFilterNet2_mid,DE_female_speech_music_3_LD3,D010
54.0,DE,Q4,DeepFilterNet2_mid,DE_female_speech_music_3_LD3,D011
92.0,DE,Q5,PSM_quantize_mask,DE_CosmosLandromat_remix1_LD6,D001
90.0,DE,Q5,PSM_quantize_mask,DE_CosmosLandromat_remix1_LD6,D002
87.0,DE,Q5,PSM_quantize_mask,DE_CosmosLandromat_remix1_LD6,D003
79.0,DE,Q5,PSM_quantize_mask,DE_CosmosLandromat_remix1_LD6,D004
85.0,DE,Q5,PSM_quantize_mask,DE_CosmosLandromat_remix1_LD6,D008
95.0,DE,Q5,PSM_quantize_mask,DE_CosmosLandromat_remix1_LD6,D009
75.0,DE,Q5,PSM_quantize_mask,DE_CosmosLandromat_remix1_LD6,D010
90.0,DE,Q5,PSM_quantize_mask,DE_CosmosLandromat_remix1_LD6,D011
91.0,DE,Q5,PSM_quantize_mask,DE_CosmosLandromat_remix3_LD3,D001
90.0,DE,Q5,PSM_quantize_mask,DE_CosmosLandromat_remix3_LD3,D002
81.0,DE,Q5,PSM_quantize_mask,DE_CosmosLandromat_remix3_LD3,D003
99.0,DE,Q5,PSM_quantize_mask,DE_CosmosLandromat_remix3_LD3,D004
90.0,DE,Q5,PSM_quantize_mask,DE_CosmosLandromat_remix3_LD3,D008
100.0,DE,Q5,PSM_quantize_mask,DE_CosmosLandromat_remix3_LD3,D009
95.0,DE,Q5,PSM_quantize_mask,DE_CosmosLandromat_remix3_LD3,D010
95.0,DE,Q5,PSM_quantize_mask,DE_CosmosLandromat_remix3_LD3,D011
69.0,DE,Q5,PSM_quantize_mask,DE_ElephantsDream_LD0,D001
100.0,DE,Q5,PSM_quantize_mask,DE_ElephantsDream_LD0,D002
94.0,DE,Q5,PSM_quantize_mask,DE_ElephantsDream_LD0,D003
83.0,DE,Q5,PSM_quantize_mask,DE_ElephantsDream_LD0,D004
88.0,DE,Q5,PSM_quantize_mask,DE_ElephantsDream_LD0,D008
81.0,DE,Q5,PSM_quantize_mask,DE_ElephantsDream_LD0,D009
94.0,DE,Q5,PSM_quantize_mask,DE_ElephantsDream_LD0,D010
99.0,DE,Q5,PSM_quantize_mask,DE_ElephantsDream_LD0,D011
87.0,DE,Q5,PSM_quantize_mask,DE_Meridian_remix1_LD3,D001
100.0,DE,Q5,PSM_quantize_mask,DE_Meridian_remix1_LD3,D002
92.0,DE,Q5,PSM_quantize_mask,DE_Meridian_remix1_LD3,D003
98.0,DE,Q5,PSM_quantize_mask,DE_Meridian_remix1_LD3,D004
77.0,DE,Q5,PSM_quantize_mask,DE_Meridian_remix1_LD3,D008
100.0,DE,Q5,PSM_quantize_mask,DE_Meridian_remix1_LD3,D009
49.0,DE,Q5,PSM_quantize_mask,DE_Meridian_remix1_LD3,D010
100.0,DE,Q5,PSM_quantize_mask,DE_Meridian_remix1_LD3,D011
100.0,DE,Q5,PSM_quantize_mask,DE_Meridian_remix2_LD6,D001
100.0,DE,Q5,PSM_quantize_mask,DE_Meridian_remix2_LD6,D002
85.0,DE,Q5,PSM_quantize_mask,DE_Meridian_remix2_LD6,D003
99.0,DE,Q5,PSM_quantize_mask,DE_Meridian_remix2_LD6,D004
90.0,DE,Q5,PSM_quantize_mask,DE_Meridian_remix2_LD6,D008
100.0,DE,Q5,PSM_quantize_mask,DE_Meridian_remix2_LD6,D009
99.0,DE,Q5,PSM_quantize_mask,DE_Meridian_remix2_LD6,D010
99.0,DE,Q5,PSM_quantize_mask,DE_Meridian_remix2_LD6,D011
96.0,DE,Q5,PSM_quantize_mask,DE_SitaSings_remix1_LD0,D001
85.0,DE,Q5,PSM_quantize_mask,DE_SitaSings_remix1_LD0,D002
79.0,DE,Q5,PSM_quantize_mask,DE_SitaSings_remix1_LD0,D003
98.0,DE,Q5,PSM_quantize_mask,DE_SitaSings_remix1_LD0,D004
90.0,DE,Q5,PSM_quantize_mask,DE_SitaSings_remix1_LD0,D008
95.0,DE,Q5,PSM_quantize_mask,DE_SitaSings_remix1_LD0,D009
92.0,DE,Q5,PSM_quantize_mask,DE_SitaSings_remix1_LD0,D010
94.0,DE,Q5,PSM_quantize_mask,DE_SitaSings_remix1_LD0,D011
77.0,DE,Q5,PSM_quantize_mask,DE_SitaSings_remix2_LD6,D001
67.0,DE,Q5,PSM_quantize_mask,DE_SitaSings_remix2_LD6,D002
59.0,DE,Q5,PSM_quantize_mask,DE_SitaSings_remix2_LD6,D003
99.0,DE,Q5,PSM_quantize_mask,DE_SitaSings_remix2_LD6,D004
80.0,DE,Q5,PSM_quantize_mask,DE_SitaSings_remix2_LD6,D008
96.0,DE,Q5,PSM_quantize_mask,DE_SitaSings_remix2_LD6,D009
82.0,DE,Q5,PSM_quantize_mask,DE_SitaSings_remix2_LD6,D010
54.0,DE,Q5,PSM_quantize_mask,DE_SitaSings_remix2_LD6,D011
69.0,DE,Q5,PSM_quantize_mask,DE_female_speech_music_1_LD0,D001
84.0,DE,Q5,PSM_quantize_mask,DE_female_speech_music_1_LD0,D002
95.0,DE,Q5,PSM_quantize_mask,DE_female_speech_music_1_LD0,D003
98.0,DE,Q5,PSM_quantize_mask,DE_female_speech_music_1_LD0,D004
82.0,DE,Q5,PSM_quantize_mask,DE_female_speech_music_1_LD0,D008
86.0,DE,Q5,PSM_quantize_mask,DE_female_speech_music_1_LD0,D009
97.0,DE,Q5,PSM_quantize_mask,DE_female_speech_music_1_LD0,D010
99.0,DE,Q5,PSM_quantize_mask,DE_female_speech_music_1_LD0,D011
95.0,DE,Q5,PSM_quantize_mask,DE_female_speech_music_2_LD9,D001
95.0,DE,Q5,PSM_quantize_mask,DE_female_speech_music_2_LD9,D002
86.0,DE,Q5,PSM_quantize_mask,DE_female_speech_music_2_LD9,D003
100.0,DE,Q5,PSM_quantize_mask,DE_female_speech_music_2_LD9,D004
90.0,DE,Q5,PSM_quantize_mask,DE_female_speech_music_2_LD9,D008
99.0,DE,Q5,PSM_quantize_mask,DE_female_speech_music_2_LD9,D009
100.0,DE,Q5,PSM_quantize_mask,DE_female_speech_music_2_LD9,D010
73.0,DE,Q5,PSM_quantize_mask,DE_female_speech_music_2_LD9,D011
86.0,DE,Q5,PSM_quantize_mask,DE_female_speech_music_3_LD3,D001
76.0,DE,Q5,PSM_quantize_mask,DE_female_speech_music_3_LD3,D002
77.0,DE,Q5,PSM_quantize_mask,DE_female_speech_music_3_LD3,D003
99.0,DE,Q5,PSM_quantize_mask,DE_female_speech_music_3_LD3,D004
85.0,DE,Q5,PSM_quantize_mask,DE_female_speech_music_3_LD3,D008
80.0,DE,Q5,PSM_quantize_mask,DE_female_speech_music_3_LD3,D009
91.0,DE,Q5,PSM_quantize_mask,DE_female_speech_music_3_LD3,D010
100.0,DE,Q5,PSM_quantize_mask,DE_female_speech_music_3_LD3,D011
100.0,DE,Ref,reference,DE_CosmosLandromat_remix1_LD6,D001
100.0,DE,Ref,reference,DE_CosmosLandromat_remix1_LD6,D002
100.0,DE,Ref,reference,DE_CosmosLandromat_remix1_LD6,D003
100.0,DE,Ref,reference,DE_CosmosLandromat_remix1_LD6,D004
100.0,DE,Ref,reference,DE_CosmosLandromat_remix1_LD6,D008
100.0,DE,Ref,reference,DE_CosmosLandromat_remix1_LD6,D009
100.0,DE,Ref,reference,DE_CosmosLandromat_remix1_LD6,D010
100.0,DE,Ref,reference,DE_CosmosLandromat_remix1_LD6,D011
100.0,DE,Ref,reference,DE_CosmosLandromat_remix3_LD3,D001
100.0,DE,Ref,reference,DE_CosmosLandromat_remix3_LD3,D002
100.0,DE,Ref,reference,DE_CosmosLandromat_remix3_LD3,D003
100.0,DE,Ref,reference,DE_CosmosLandromat_remix3_LD3,D004
100.0,DE,Ref,reference,DE_CosmosLandromat_remix3_LD3,D008
93.0,DE,Ref,reference,DE_CosmosLandromat_remix3_LD3,D009
100.0,DE,Ref,reference,DE_CosmosLandromat_remix3_LD3,D010
100.0,DE,Ref,reference,DE_CosmosLandromat_remix3_LD3,D011
100.0,DE,Ref,reference,DE_ElephantsDream_LD0,D001
96.0,DE,Ref,reference,DE_ElephantsDream_LD0,D002
100.0,DE,Ref,reference,DE_ElephantsDream_LD0,D003
100.0,DE,Ref,reference,DE_ElephantsDream_LD0,D004
100.0,DE,Ref,reference,DE_ElephantsDream_LD0,D008
87.0,DE,Ref,reference,DE_ElephantsDream_LD0,D009
100.0,DE,Ref,reference,DE_ElephantsDream_LD0,D010
100.0,DE,Ref,reference,DE_ElephantsDream_LD0,D011
100.0,DE,Ref,reference,DE_Meridian_remix1_LD3,D001
99.0,DE,Ref,reference,DE_Meridian_remix1_LD3,D002
100.0,DE,Ref,reference,DE_Meridian_remix1_LD3,D003
100.0,DE,Ref,reference,DE_Meridian_remix1_LD3,D004
100.0,DE,Ref,reference,DE_Meridian_remix1_LD3,D008
92.0,DE,Ref,reference,DE_Meridian_remix1_LD3,D009
100.0,DE,Ref,reference,DE_Meridian_remix1_LD3,D010
99.0,DE,Ref,reference,DE_Meridian_remix1_LD3,D011
99.0,DE,Ref,reference,DE_Meridian_remix2_LD6,D001
96.0,DE,Ref,reference,DE_Meridian_remix2_LD6,D002
100.0,DE,Ref,reference,DE_Meridian_remix2_LD6,D003
100.0,DE,Ref,reference,DE_Meridian_remix2_LD6,D004
100.0,DE,Ref,reference,DE_Meridian_remix2_LD6,D008
87.0,DE,Ref,reference,DE_Meridian_remix2_LD6,D009
100.0,DE,Ref,reference,DE_Meridian_remix2_LD6,D010
100.0,DE,Ref,reference,DE_Meridian_remix2_LD6,D011
100.0,DE,Ref,reference,DE_SitaSings_remix1_LD0,D001
100.0,DE,Ref,reference,DE_SitaSings_remix1_LD0,D002
100.0,DE,Ref,reference,DE_SitaSings_remix1_LD0,D003
100.0,DE,Ref,reference,DE_SitaSings_remix1_LD0,D004
100.0,DE,Ref,reference,DE_SitaSings_remix1_LD0,D008
100.0,DE,Ref,reference,DE_SitaSings_remix1_LD0,D009
100.0,DE,Ref,reference,DE_SitaSings_remix1_LD0,D010
100.0,DE,Ref,reference,DE_SitaSings_remix1_LD0,D011
100.0,DE,Ref,reference,DE_SitaSings_remix2_LD6,D001
100.0,DE,Ref,reference,DE_SitaSings_remix2_LD6,D002
100.0,DE,Ref,reference,DE_SitaSings_remix2_LD6,D003
100.0,DE,Ref,reference,DE_SitaSings_remix2_LD6,D004
100.0,DE,Ref,reference,DE_SitaSings_remix2_LD6,D008
100.0,DE,Ref,reference,DE_SitaSings_remix2_LD6,D009
100.0,DE,Ref,reference,DE_SitaSings_remix2_LD6,D010
100.0,DE,Ref,reference,DE_SitaSings_remix2_LD6,D011
100.0,DE,Ref,reference,DE_female_speech_music_1_LD0,D001
100.0,DE,Ref,reference,DE_female_speech_music_1_LD0,D002
100.0,DE,Ref,reference,DE_female_speech_music_1_LD0,D003
100.0,DE,Ref,reference,DE_female_speech_music_1_LD0,D004
100.0,DE,Ref,reference,DE_female_speech_music_1_LD0,D008
100.0,DE,Ref,reference,DE_female_speech_music_1_LD0,D009
100.0,DE,Ref,reference,DE_female_speech_music_1_LD0,D010
100.0,DE,Ref,reference,DE_female_speech_music_1_LD0,D011
100.0,DE,Ref,reference,DE_female_speech_music_2_LD9,D001
100.0,DE,Ref,reference,DE_female_speech_music_2_LD9,D002
100.0,DE,Ref,reference,DE_female_speech_music_2_LD9,D003
97.0,DE,Ref,reference,DE_female_speech_music_2_LD9,D004
100.0,DE,Ref,reference,DE_female_speech_music_2_LD9,D008
100.0,DE,Ref,reference,DE_female_speech_music_2_LD9,D009
95.0,DE,Ref,reference,DE_female_speech_music_2_LD9,D010
100.0,DE,Ref,reference,DE_female_speech_music_2_LD9,D011
100.0,DE,Ref,reference,DE_female_speech_music_3_LD3,D001
100.0,DE,Ref,reference,DE_female_speech_music_3_LD3,D002
100.0,DE,Ref,reference,DE_female_speech_music_3_LD3,D003
100.0,DE,Ref,reference,DE_female_speech_music_3_LD3,D004
100.0,DE,Ref,reference,DE_female_speech_music_3_LD3,D008
100.0,DE,Ref,reference,DE_female_speech_music_3_LD3,D009
100.0,DE,Ref,reference,DE_female_speech_music_3_LD3,D010
99.0,DE,Ref,reference,DE_female_speech_music_3_LD3,D011
7.0,LP,LP3.5,LP35,LP_11_guitar,D001
10.0,LP,LP3.5,LP35,LP_11_guitar,D002
8.0,LP,LP3.5,LP35,LP_11_guitar,D003
10.0,LP,LP3.5,LP35,LP_11_guitar,D004
10.0,LP,LP3.5,LP35,LP_11_guitar,D008
8.0,LP,LP3.5,LP35,LP_11_guitar,D009
10.0,LP,LP3.5,LP35,LP_11_guitar,D010
10.0,LP,LP3.5,LP35,LP_11_guitar,D011
12.0,LP,LP3.5,LP35,LP_23_jazz,D001
10.0,LP,LP3.5,LP35,LP_23_jazz,D002
11.0,LP,LP3.5,LP35,LP_23_jazz,D003
10.0,LP,LP3.5,LP35,LP_23_jazz,D004
10.0,LP,LP3.5,LP35,LP_23_jazz,D008
6.0,LP,LP3.5,LP35,LP_23_jazz,D009
10.0,LP,LP3.5,LP35,LP_23_jazz,D010
11.0,LP,LP3.5,LP35,LP_23_jazz,D011
15.0,LP,LP3.5,LP35,LP_AmateurOnPurpose,D001
11.0,LP,LP3.5,LP35,LP_AmateurOnPurpose,D002
7.0,LP,LP3.5,LP35,LP_AmateurOnPurpose,D003
10.0,LP,LP3.5,LP35,LP_AmateurOnPurpose,D004
10.0,LP,LP3.5,LP35,LP_AmateurOnPurpose,D008
5.0,LP,LP3.5,LP35,LP_AmateurOnPurpose,D009
9.0,LP,LP3.5,LP35,LP_AmateurOnPurpose,D010
11.0,LP,LP3.5,LP35,LP_AmateurOnPurpose,D011
8.0,LP,LP3.5,LP35,LP_CreatureFromTheBlackjackTable,D001
10.0,LP,LP3.5,LP35,LP_CreatureFromTheBlackjackTable,D002
6.0,LP,LP3.5,LP35,LP_CreatureFromTheBlackjackTable,D003
10.0,LP,LP3.5,LP35,LP_CreatureFromTheBlackjackTable,D004
10.0,LP,LP3.5,LP35,LP_CreatureFromTheBlackjackTable,D008
5.0,LP,LP3.5,LP35,LP_CreatureFromTheBlackjackTable,D009
11.0,LP,LP3.5,LP35,LP_CreatureFromTheBlackjackTable,D010
9.0,LP,LP3.5,LP35,LP_CreatureFromTheBlackjackTable,D011
35.0,LP,LP7,LP70,LP_11_guitar,D001
55.0,LP,LP7,LP70,LP_11_guitar,D002
17.0,LP,LP7,LP70,LP_11_guitar,D003
56.0,LP,LP7,LP70,LP_11_guitar,D004
36.0,LP,LP7,LP70,LP_11_guitar,D008
43.0,LP,LP7,LP70,LP_11_guitar,D009
35.0,LP,LP7,LP70,LP_11_guitar,D010
29.0,LP,LP7,LP70,LP_11_guitar,D011
30.0,LP,LP7,LP70,LP_23_jazz,D001
37.0,LP,LP7,LP70,LP_23_jazz,D002
24.0,LP,LP7,LP70,LP_23_jazz,D003
31.0,LP,LP7,LP70,LP_23_jazz,D004
30.0,LP,LP7,LP70,LP_23_jazz,D008
62.0,LP,LP7,LP70,LP_23_jazz,D009
44.0,LP,LP7,LP70,LP_23_jazz,D010
41.0,LP,LP7,LP70,LP_23_jazz,D011
24.0,LP,LP7,LP70,LP_AmateurOnPurpose,D001
29.0,LP,LP7,LP70,LP_AmateurOnPurpose,D002
17.0,LP,LP7,LP70,LP_AmateurOnPurpose,D003
33.0,LP,LP7,LP70,LP_AmateurOnPurpose,D004
31.0,LP,LP7,LP70,LP_AmateurOnPurpose,D008
40.0,LP,LP7,LP70,LP_AmateurOnPurpose,D009
39.0,LP,LP7,LP70,LP_AmateurOnPurpose,D010
47.0,LP,LP7,LP70,LP_AmateurOnPurpose,D011
22.0,LP,LP7,LP70,LP_CreatureFromTheBlackjackTable,D001
25.0,LP,LP7,LP70,LP_CreatureFromTheBlackjackTable,D002
17.0,LP,LP7,LP70,LP_CreatureFromTheBlackjackTable,D003
47.0,LP,LP7,LP70,LP_CreatureFromTheBlackjackTable,D004
30.0,LP,LP7,LP70,LP_CreatureFromTheBlackjackTable,D008
60.0,LP,LP7,LP70,LP_CreatureFromTheBlackjackTable,D009
51.0,LP,LP7,LP70,LP_CreatureFromTheBlackjackTable,D010
20.0,LP,LP7,LP70,LP_CreatureFromTheBlackjackTable,D011
18.0,LP,Q1,LP50,LP_11_guitar,D001
17.0,LP,Q1,LP50,LP_11_guitar,D002
13.0,LP,Q1,LP50,LP_11_guitar,D003
20.0,LP,Q1,LP50,LP_11_guitar,D004
20.0,LP,Q1,LP50,LP_11_guitar,D008
15.0,LP,Q1,LP50,LP_11_guitar,D009
17.0,LP,Q1,LP50,LP_11_guitar,D010
20.0,LP,Q1,LP50,LP_11_guitar,D011
20.0,LP,Q1,LP50,LP_23_jazz,D001
18.0,LP,Q1,LP50,LP_23_jazz,D002
15.0,LP,Q1,LP50,LP_23_jazz,D003
20.0,LP,Q1,LP50,LP_23_jazz,D004
20.0,LP,Q1,LP50,LP_23_jazz,D008
13.0,LP,Q1,LP50,LP_23_jazz,D009
22.0,LP,Q1,LP50,LP_23_jazz,D010
18.0,LP,Q1,LP50,LP_23_jazz,D011
18.0,LP,Q1,LP50,LP_AmateurOnPurpose,D001
19.0,LP,Q1,LP50,LP_AmateurOnPurpose,D002
12.0,LP,Q1,LP50,LP_AmateurOnPurpose,D003
20.0,LP,Q1,LP50,LP_AmateurOnPurpose,D004
20.0,LP,Q1,LP50,LP_AmateurOnPurpose,D008
13.0,LP,Q1,LP50,LP_AmateurOnPurpose,D009
20.0,LP,Q1,LP50,LP_AmateurOnPurpose,D010
20.0,LP,Q1,LP50,LP_AmateurOnPurpose,D011
13.0,LP,Q1,LP50,LP_CreatureFromTheBlackjackTable,D001
17.0,LP,Q1,LP50,LP_CreatureFromTheBlackjackTable,D002
10.0,LP,Q1,LP50,LP_CreatureFromTheBlackjackTable,D003
20.0,LP,Q1,LP50,LP_CreatureFromTheBlackjackTable,D004
20.0,LP,Q1,LP50,LP_CreatureFromTheBlackjackTable,D008
16.0,LP,Q1,LP50,LP_CreatureFromTheBlackjackTable,D009
24.0,LP,Q1,LP50,LP_CreatureFromTheBlackjackTable,D010
11.0,LP,Q1,LP50,LP_CreatureFromTheBlackjackTable,D011
41.0,LP,Q2,LP90,LP_11_guitar,D001
64.0,LP,Q2,LP90,LP_11_guitar,D002
22.0,LP,Q2,LP90,LP_11_guitar,D003
69.0,LP,Q2,LP90,LP_11_guitar,D004
37.0,LP,Q2,LP90,LP_11_guitar,D008
81.0,LP,Q2,LP90,LP_11_guitar,D009
50.0,LP,Q2,LP90,LP_11_guitar,D010
44.0,LP,Q2,LP90,LP_11_guitar,D011
38.0,LP,Q2,LP90,LP_23_jazz,D001
51.0,LP,Q2,LP90,LP_23_jazz,D002
43.0,LP,Q2,LP90,LP_23_jazz,D003
64.0,LP,Q2,LP90,LP_23_jazz,D004
46.0,LP,Q2,LP90,LP_23_jazz,D008
71.0,LP,Q2,LP90,LP_23_jazz,D009
54.0,LP,Q2,LP90,LP_23_jazz,D010
49.0,LP,Q2,LP90,LP_23_jazz,D011
44.0,LP,Q2,LP90,LP_AmateurOnPurpose,D001
50.0,LP,Q2,LP90,LP_AmateurOnPurpose,D002
24.0,LP,Q2,LP90,LP_AmateurOnPurpose,D003
46.0,LP,Q2,LP90,LP_AmateurOnPurpose,D004
51.0,LP,Q2,LP90,LP_AmateurOnPurpose,D008
80.0,LP,Q2,LP90,LP_AmateurOnPurpose,D009
59.0,LP,Q2,LP90,LP_AmateurOnPurpose,D010
53.0,LP,Q2,LP90,LP_AmateurOnPurpose,D011
67.0,LP,Q2,LP90,LP_CreatureFromTheBlackjackTable,D001
32.0,LP,Q2,LP90,LP_CreatureFromTheBlackjackTable,D002
28.0,LP,Q2,LP90,LP_CreatureFromTheBlackjackTable,D003
55.0,LP,Q2,LP90,LP_CreatureFromTheBlackjackTable,D004
58.0,LP,Q2,LP90,LP_CreatureFromTheBlackjackTable,D008
84.0,LP,Q2,LP90,LP_CreatureFromTheBlackjackTable,D009
33.0,LP,Q2,LP90,LP_CreatureFromTheBlackjackTable,D010
29.0,LP,Q2,LP90,LP_CreatureFromTheBlackjackTable,D011
59.0,LP,Q3,LP105,LP_11_guitar,D001
75.0,LP,Q3,LP105,LP_11_guitar,D002
35.0,LP,Q3,LP105,LP_11_guitar,D003
87.0,LP,Q3,LP105,LP_11_guitar,D004
51.0,LP,Q3,LP105,LP_11_guitar,D008
83.0,LP,Q3,LP105,LP_11_guitar,D009
69.0,LP,Q3,LP105,LP_11_guitar,D010
71.0,LP,Q3,LP105,LP_11_guitar,D011
48.0,LP,Q3,LP105,LP_23_jazz,D001
59.0,LP,Q3,LP105,LP_23_jazz,D002
51.0,LP,Q3,LP105,LP_23_jazz,D003
68.0,LP,Q3,LP105,LP_23_jazz,D004
60.0,LP,Q3,LP105,LP_23_jazz,D008
76.0,LP,Q3,LP105,LP_23_jazz,D009
69.0,LP,Q3,LP105,LP_23_jazz,D010
67.0,LP,Q3,LP105,LP_23_jazz,D011
50.0,LP,Q3,LP105,LP_AmateurOnPurpose,D001
68.0,LP,Q3,LP105,LP_AmateurOnPurpose,D002
54.0,LP,Q3,LP105,LP_AmateurOnPurpose,D003
68.0,LP,Q3,LP105,LP_AmateurOnPurpose,D004
59.0,LP,Q3,LP105,LP_AmateurOnPurpose,D008
90.0,LP,Q3,LP105,LP_AmateurOnPurpose,D009
69.0,LP,Q3,LP105,LP_AmateurOnPurpose,D010
73.0,LP,Q3,LP105,LP_AmateurOnPurpose,D011
48.0,LP,Q3,LP105,LP_CreatureFromTheBlackjackTable,D001
54.0,LP,Q3,LP105,LP_CreatureFromTheBlackjackTable,D002
37.0,LP,Q3,LP105,LP_CreatureFromTheBlackjackTable,D003
65.0,LP,Q3,LP105,LP_CreatureFromTheBlackjackTable,D004
44.0,LP,Q3,LP105,LP_CreatureFromTheBlackjackTable,D008
74.0,LP,Q3,LP105,LP_CreatureFromTheBlackjackTable,D009
70.0,LP,Q3,LP105,LP_CreatureFromTheBlackjackTable,D010
67.0,LP,Q3,LP105,LP_CreatureFromTheBlackjackTable,D011
79.0,LP,Q4,LP120,LP_11_guitar,D001
100.0,LP,Q4,LP120,LP_11_guitar,D002
68.0,LP,Q4,LP120,LP_11_guitar,D003
97.0,LP,Q4,LP120,LP_11_guitar,D004
79.0,LP,Q4,LP120,LP_11_guitar,D008
100.0,LP,Q4,LP120,LP_11_guitar,D009
92.0,LP,Q4,LP120,LP_11_guitar,D010
86.0,LP,Q4,LP120,LP_11_guitar,D011
80.0,LP,Q4,LP120,LP_23_jazz,D001
82.0,LP,Q4,LP120,LP_23_jazz,D002
74.0,LP,Q4,LP120,LP_23_jazz,D003
85.0,LP,Q4,LP120,LP_23_jazz,D004
75.0,LP,Q4,LP120,LP_23_jazz,D008
98.0,LP,Q4,LP120,LP_23_jazz,D009
82.0,LP,Q4,LP120,LP_23_jazz,D010
80.0,LP,Q4,LP120,LP_23_jazz,D011
76.0,LP,Q4,LP120,LP_AmateurOnPurpose,D001
80.0,LP,Q4,LP120,LP_AmateurOnPurpose,D002
35.0,LP,Q4,LP120,LP_AmateurOnPurpose,D003
83.0,LP,Q4,LP120,LP_AmateurOnPurpose,D004
79.0,LP,Q4,LP120,LP_AmateurOnPurpose,D008
98.0,LP,Q4,LP120,LP_AmateurOnPurpose,D009
84.0,LP,Q4,LP120,LP_AmateurOnPurpose,D010
80.0,LP,Q4,LP120,LP_AmateurOnPurpose,D011
57.0,LP,Q4,LP120,LP_CreatureFromTheBlackjackTable,D001
63.0,LP,Q4,LP120,LP_CreatureFromTheBlackjackTable,D002
57.0,LP,Q4,LP120,LP_CreatureFromTheBlackjackTable,D003
71.0,LP,Q4,LP120,LP_CreatureFromTheBlackjackTable,D004
77.0,LP,Q4,LP120,LP_CreatureFromTheBlackjackTable,D008
90.0,LP,Q4,LP120,LP_CreatureFromTheBlackjackTable,D009
84.0,LP,Q4,LP120,LP_CreatureFromTheBlackjackTable,D010
80.0,LP,Q4,LP120,LP_CreatureFromTheBlackjackTable,D011
100.0,LP,Q5,LP150,LP_11_guitar,D001
99.0,LP,Q5,LP150,LP_11_guitar,D002
100.0,LP,Q5,LP150,LP_11_guitar,D003
100.0,LP,Q5,LP150,LP_11_guitar,D004
94.0,LP,Q5,LP150,LP_11_guitar,D008
95.0,LP,Q5,LP150,LP_11_guitar,D009
100.0,LP,Q5,LP150,LP_11_guitar,D010
100.0,LP,Q5,LP150,LP_11_guitar,D011
100.0,LP,Q5,LP150,LP_23_jazz,D001
95.0,LP,Q5,LP150,LP_23_jazz,D002
94.0,LP,Q5,LP150,LP_23_jazz,D003
100.0,LP,Q5,LP150,LP_23_jazz,D004
93.0,LP,Q5,LP150,LP_23_jazz,D008
100.0,LP,Q5,LP150,LP_23_jazz,D009
100.0,LP,Q5,LP150,LP_23_jazz,D010
94.0,LP,Q5,LP150,LP_23_jazz,D011
100.0,LP,Q5,LP150,LP_AmateurOnPurpose,D001
100.0,LP,Q5,LP150,LP_AmateurOnPurpose,D002
100.0,LP,Q5,LP150,LP_AmateurOnPurpose,D003
100.0,LP,Q5,LP150,LP_AmateurOnPurpose,D004
100.0,LP,Q5,LP150,LP_AmateurOnPurpose,D008
100.0,LP,Q5,LP150,LP_AmateurOnPurpose,D009
98.0,LP,Q5,LP150,LP_AmateurOnPurpose,D010
99.0,LP,Q5,LP150,LP_AmateurOnPurpose,D011
100.0,LP,Q5,LP150,LP_CreatureFromTheBlackjackTable,D001
100.0,LP,Q5,LP150,LP_CreatureFromTheBlackjackTable,D002
100.0,LP,Q5,LP150,LP_CreatureFromTheBlackjackTable,D003
99.0,LP,Q5,LP150,LP_CreatureFromTheBlackjackTable,D004
92.0,LP,Q5,LP150,LP_CreatureFromTheBlackjackTable,D008
92.0,LP,Q5,LP150,LP_CreatureFromTheBlackjackTable,D009
98.0,LP,Q5,LP150,LP_CreatureFromTheBlackjackTable,D010
100.0,LP,Q5,LP150,LP_CreatureFromTheBlackjackTable,D011
94.0,LP,Ref,reference,LP_11_guitar,D001
89.0,LP,Ref,reference,LP_11_guitar,D002
97.0,LP,Ref,reference,LP_11_guitar,D003
99.0,LP,Ref,reference,LP_11_guitar,D004
100.0,LP,Ref,reference,LP_11_guitar,D008
94.0,LP,Ref,reference,LP_11_guitar,D009
76.0,LP,Ref,reference,LP_11_guitar,D010
99.0,LP,Ref,reference,LP_11_guitar,D011
99.0,LP,Ref,reference,LP_23_jazz,D001
100.0,LP,Ref,reference,LP_23_jazz,D002
100.0,LP,Ref,reference,LP_23_jazz,D003
99.0,LP,Ref,reference,LP_23_jazz,D004
100.0,LP,Ref,reference,LP_23_jazz,D008
99.0,LP,Ref,reference,LP_23_jazz,D009
98.0,LP,Ref,reference,LP_23_jazz,D010
100.0,LP,Ref,reference,LP_23_jazz,D011
77.0,LP,Ref,reference,LP_AmateurOnPurpose,D001
99.0,LP,Ref,reference,LP_AmateurOnPurpose,D002
95.0,LP,Ref,reference,LP_AmateurOnPurpose,D003
56.0,LP,Ref,reference,LP_AmateurOnPurpose,D004
92.0,LP,Ref,reference,LP_AmateurOnPurpose,D008
95.0,LP,Ref,reference,LP_AmateurOnPurpose,D009
100.0,LP,Ref,reference,LP_AmateurOnPurpose,D010
100.0,LP,Ref,reference,LP_AmateurOnPurpose,D011
98.0,LP,Ref,reference,LP_CreatureFromTheBlackjackTable,D001
99.0,LP,Ref,reference,LP_CreatureFromTheBlackjackTable,D002
96.0,LP,Ref,reference,LP_CreatureFromTheBlackjackTable,D003
100.0,LP,Ref,reference,LP_CreatureFromTheBlackjackTable,D004
100.0,LP,Ref,reference,LP_CreatureFromTheBlackjackTable,D008
100.0,LP,Ref,reference,LP_CreatureFromTheBlackjackTable,D009
100.0,LP,Ref,reference,LP_CreatureFromTheBlackjackTable,D010
99.0,LP,Ref,reference,LP_CreatureFromTheBlackjackTable,D011
18.0,PE,LP3.5,LP35,PE_27_castanets,D001
10.0,PE,LP3.5,LP35,PE_27_castanets,D002
6.0,PE,LP3.5,LP35,PE_27_castanets,D003
10.0,PE,LP3.5,LP35,PE_27_castanets,D004
10.0,PE,LP3.5,LP35,PE_27_castanets,D008
8.0,PE,LP3.5,LP35,PE_27_castanets,D009
10.0,PE,LP3.5,LP35,PE_27_castanets,D010
10.0,PE,LP3.5,LP35,PE_27_castanets,D011
25.0,PE,LP3.5,LP35,PE_39_clapping,D001
10.0,PE,LP3.5,LP35,PE_39_clapping,D002
6.0,PE,LP3.5,LP35,PE_39_clapping,D003
8.0,PE,LP3.5,LP35,PE_39_clapping,D004
10.0,PE,LP3.5,LP35,PE_39_clapping,D008
8.0,PE,LP3.5,LP35,PE_39_clapping,D009
17.0,PE,LP3.5,LP35,PE_39_clapping,D010
13.0,PE,LP3.5,LP35,PE_39_clapping,D011
10.0,PE,LP3.5,LP35,PE_AmateurOnPurpose,D001
10.0,PE,LP3.5,LP35,PE_AmateurOnPurpose,D002
10.0,PE,LP3.5,LP35,PE_AmateurOnPurpose,D003
10.0,PE,LP3.5,LP35,PE_AmateurOnPurpose,D004
10.0,PE,LP3.5,LP35,PE_AmateurOnPurpose,D008
6.0,PE,LP3.5,LP35,PE_AmateurOnPurpose,D009
9.0,PE,LP3.5,LP35,PE_AmateurOnPurpose,D010
14.0,PE,LP3.5,LP35,PE_AmateurOnPurpose,D011
15.0,PE,LP3.5,LP35,PE_CreatureFromTheBlackjackTable,D001
10.0,PE,LP3.5,LP35,PE_CreatureFromTheBlackjackTable,D002
6.0,PE,LP3.5,LP35,PE_CreatureFromTheBlackjackTable,D003
10.0,PE,LP3.5,LP35,PE_CreatureFromTheBlackjackTable,D004
10.0,PE,LP3.5,LP35,PE_CreatureFromTheBlackjackTable,D008
9.0,PE,LP3.5,LP35,PE_CreatureFromTheBlackjackTable,D009
10.0,PE,LP3.5,LP35,PE_CreatureFromTheBlackjackTable,D010
7.0,PE,LP3.5,LP35,PE_CreatureFromTheBlackjackTable,D011
19.0,PE,LP7,LP70,PE_27_castanets,D001
18.0,PE,LP7,LP70,PE_27_castanets,D002
14.0,PE,LP7,LP70,PE_27_castanets,D003
20.0,PE,LP7,LP70,PE_27_castanets,D004
20.0,PE,LP7,LP70,PE_27_castanets,D008
12.0,PE,LP7,LP70,PE_27_castanets,D009
21.0,PE,LP7,LP70,PE_27_castanets,D010
22.0,PE,LP7,LP70,PE_27_castanets,D011
42.0,PE,LP7,LP70,PE_39_clapping,D001
18.0,PE,LP7,LP70,PE_39_clapping,D002
15.0,PE,LP7,LP70,PE_39_clapping,D003
17.0,PE,LP7,LP70,PE_39_clapping,D004
20.0,PE,LP7,LP70,PE_39_clapping,D008
15.0,PE,LP7,LP70,PE_39_clapping,D009
31.0,PE,LP7,LP70,PE_39_clapping,D010
26.0,PE,LP7,LP70,PE_39_clapping,D011
19.0,PE,LP7,LP70,PE_AmateurOnPurpose,D001
18.0,PE,LP7,LP70,PE_AmateurOnPurpose,D002
20.0,PE,LP7,LP70,PE_AmateurOnPurpose,D003
20.0,PE,LP7,LP70,PE_AmateurOnPurpose,D004
20.0,PE,LP7,LP70,PE_AmateurOnPurpose,D008
14.0,PE,LP7,LP70,PE_AmateurOnPurpose,D009
30.0,PE,LP7,LP70,PE_AmateurOnPurpose,D010
24.0,PE,LP7,LP70,PE_AmateurOnPurpose,D011
23.0,PE,LP7,LP70,PE_CreatureFromTheBlackjackTable,D001
18.0,PE,LP7,LP70,PE_CreatureFromTheBlackjackTable,D002
13.0,PE,LP7,LP70,PE_CreatureFromTheBlackjackTable,D003
20.0,PE,LP7,LP70,PE_CreatureFromTheBlackjackTable,D004
20.0,PE,LP7,LP70,PE_CreatureFromTheBlackjackTable,D008
13.0,PE,LP7,LP70,PE_CreatureFromTheBlackjackTable,D009
20.0,PE,LP7,LP70,PE_CreatureFromTheBlackjackTable,D010
18.0,PE,LP7,LP70,PE_CreatureFromTheBlackjackTable,D011
7.0,PE,Q1,PE_4096_MS_NMR10,PE_27_castanets,D001
49.0,PE,Q1,PE_4096_MS_NMR10,PE_27_castanets,D002
26.0,PE,Q1,PE_4096_MS_NMR10,PE_27_castanets,D003
47.0,PE,Q1,PE_4096_MS_NMR10,PE_27_castanets,D004
40.0,PE,Q1,PE_4096_MS_NMR10,PE_27_castanets,D008
57.0,PE,Q1,PE_4096_MS_NMR10,PE_27_castanets,D009
32.0,PE,Q1,PE_4096_MS_NMR10,PE_27_castanets,D010
51.0,PE,Q1,PE_4096_MS_NMR10,PE_27_castanets,D011
4.0,PE,Q1,PE_4096_MS_NMR10,PE_39_clapping,D001
25.0,PE,Q1,PE_4096_MS_NMR10,PE_39_clapping,D002
20.0,PE,Q1,PE_4096_MS_NMR10,PE_39_clapping,D003
35.0,PE,Q1,PE_4096_MS_NMR10,PE_39_clapping,D004
36.0,PE,Q1,PE_4096_MS_NMR10,PE_39_clapping,D008
65.0,PE,Q1,PE_4096_MS_NMR10,PE_39_clapping,D009
7.0,PE,Q1,PE_4096_MS_NMR10,PE_39_clapping,D010
47.0,PE,Q1,PE_4096_MS_NMR10,PE_39_clapping,D011
55.0,PE,Q1,PE_4096_MS_NMR10,PE_AmateurOnPurpose,D001
84.0,PE,Q1,PE_4096_MS_NMR10,PE_AmateurOnPurpose,D002
42.0,PE,Q1,PE_4096_MS_NMR10,PE_AmateurOnPurpose,D003
67.0,PE,Q1,PE_4096_MS_NMR10,PE_AmateurOnPurpose,D004
66.0,PE,Q1,PE_4096_MS_NMR10,PE_AmateurOnPurpose,D008
80.0,PE,Q1,PE_4096_MS_NMR10,PE_AmateurOnPurpose,D009
42.0,PE,Q1,PE_4096_MS_NMR10,PE_AmateurOnPurpose,D010
50.0,PE,Q1,PE_4096_MS_NMR10,PE_AmateurOnPurpose,D011
58.0,PE,Q1,PE_4096_MS_NMR10,PE_CreatureFromTheBlackjackTable,D001
58.0,PE,Q1,PE_4096_MS_NMR10,PE_CreatureFromTheBlackjackTable,D002
32.0,PE,Q1,PE_4096_MS_NMR10,PE_CreatureFromTheBlackjackTable,D003
57.0,PE,Q1,PE_4096_MS_NMR10,PE_CreatureFromTheBlackjackTable,D004
35.0,PE,Q1,PE_4096_MS_NMR10,PE_CreatureFromTheBlackjackTable,D008
65.0,PE,Q1,PE_4096_MS_NMR10,PE_CreatureFromTheBlackjackTable,D009
48.0,PE,Q1,PE_4096_MS_NMR10,PE_CreatureFromTheBlackjackTable,D010
36.0,PE,Q1,PE_4096_MS_NMR10,PE_CreatureFromTheBlackjackTable,D011
24.0,PE,Q2,PE_2048_MS_NMR10,PE_27_castanets,D001
40.0,PE,Q2,PE_2048_MS_NMR10,PE_27_castanets,D002
46.0,PE,Q2,PE_2048_MS_NMR10,PE_27_castanets,D003
68.0,PE,Q2,PE_2048_MS_NMR10,PE_27_castanets,D004
46.0,PE,Q2,PE_2048_MS_NMR10,PE_27_castanets,D008
61.0,PE,Q2,PE_2048_MS_NMR10,PE_27_castanets,D009
50.0,PE,Q2,PE_2048_MS_NMR10,PE_27_castanets,D010
43.0,PE,Q2,PE_2048_MS_NMR10,PE_27_castanets,D011
34.0,PE,Q2,PE_2048_MS_NMR10,PE_39_clapping,D001
38.0,PE,Q2,PE_2048_MS_NMR10,PE_39_clapping,D002
26.0,PE,Q2,PE_2048_MS_NMR10,PE_39_clapping,D003
47.0,PE,Q2,PE_2048_MS_NMR10,PE_39_clapping,D004
47.0,PE,Q2,PE_2048_MS_NMR10,PE_39_clapping,D008
72.0,PE,Q2,PE_2048_MS_NMR10,PE_39_clapping,D009
42.0,PE,Q2,PE_2048_MS_NMR10,PE_39_clapping,D010
55.0,PE,Q2,PE_2048_MS_NMR10,PE_39_clapping,D011
82.0,PE,Q2,PE_2048_MS_NMR10,PE_AmateurOnPurpose,D001
100.0,PE,Q2,PE_2048_MS_NMR10,PE_AmateurOnPurpose,D002
71.0,PE,Q2,PE_2048_MS_NMR10,PE_AmateurOnPurpose,D003
71.0,PE,Q2,PE_2048_MS_NMR10,PE_AmateurOnPurpose,D004
76.0,PE,Q2,PE_2048_MS_NMR10,PE_AmateurOnPurpose,D008
97.0,PE,Q2,PE_2048_MS_NMR10,PE_AmateurOnPurpose,D009
58.0,PE,Q2,PE_2048_MS_NMR10,PE_AmateurOnPurpose,D010
71.0,PE,Q2,PE_2048_MS_NMR10,PE_AmateurOnPurpose,D011
39.0,PE,Q2,PE_2048_MS_NMR10,PE_CreatureFromTheBlackjackTable,D001
63.0,PE,Q2,PE_2048_MS_NMR10,PE_CreatureFromTheBlackjackTable,D002
53.0,PE,Q2,PE_2048_MS_NMR10,PE_CreatureFromTheBlackjackTable,D003
68.0,PE,Q2,PE_2048_MS_NMR10,PE_CreatureFromTheBlackjackTable,D004
57.0,PE,Q2,PE_2048_MS_NMR10,PE_CreatureFromTheBlackjackTable,D008
80.0,PE,Q2,PE_2048_MS_NMR10,PE_CreatureFromTheBlackjackTable,D009
70.0,PE,Q2,PE_2048_MS_NMR10,PE_CreatureFromTheBlackjackTable,D010
55.0,PE,Q2,PE_2048_MS_NMR10,PE_CreatureFromTheBlackjackTable,D011
28.0,PE,Q3,PE_1024_MS_NMR10,PE_27_castanets,D001
60.0,PE,Q3,PE_1024_MS_NMR10,PE_27_castanets,D002
82.0,PE,Q3,PE_1024_MS_NMR10,PE_27_castanets,D003
77.0,PE,Q3,PE_1024_MS_NMR10,PE_27_castanets,D004
70.0,PE,Q3,PE_1024_MS_NMR10,PE_27_castanets,D008
77.0,PE,Q3,PE_1024_MS_NMR10,PE_27_castanets,D009
78.0,PE,Q3,PE_1024_MS_NMR10,PE_27_castanets,D010
62.0,PE,Q3,PE_1024_MS_NMR10,PE_27_castanets,D011
56.0,PE,Q3,PE_1024_MS_NMR10,PE_39_clapping,D001
56.0,PE,Q3,PE_1024_MS_NMR10,PE_39_clapping,D002
49.0,PE,Q3,PE_1024_MS_NMR10,PE_39_clapping,D003
75.0,PE,Q3,PE_1024_MS_NMR10,PE_39_clapping,D004
73.0,PE,Q3,PE_1024_MS_NMR10,PE_39_clapping,D008
78.0,PE,Q3,PE_1024_MS_NMR10,PE_39_clapping,D009
70.0,PE,Q3,PE_1024_MS_NMR10,PE_39_clapping,D010
60.0,PE,Q3,PE_1024_MS_NMR10,PE_39_clapping,D011
63.0,PE,Q3,PE_1024_MS_NMR10,PE_AmateurOnPurpose,D001
80.0,PE,Q3,PE_1024_MS_NMR10,PE_AmateurOnPurpose,D002
75.0,PE,Q3,PE_1024_MS_NMR10,PE_AmateurOnPurpose,D003
76.0,PE,Q3,PE_1024_MS_NMR10,PE_AmateurOnPurpose,D004
45.0,PE,Q3,PE_1024_MS_NMR10,PE_AmateurOnPurpose,D008
92.0,PE,Q3,PE_1024_MS_NMR10,PE_AmateurOnPurpose,D009
69.0,PE,Q3,PE_1024_MS_NMR10,PE_AmateurOnPurpose,D010
37.0,PE,Q3,PE_1024_MS_NMR10,PE_AmateurOnPurpose,D011
75.0,PE,Q3,PE_1024_MS_NMR10,PE_CreatureFromTheBlackjackTable,D001
76.0,PE,Q3,PE_1024_MS_NMR10,PE_CreatureFromTheBlackjackTable,D002
73.0,PE,Q3,PE_1024_MS_NMR10,PE_CreatureFromTheBlackjackTable,D003
80.0,PE,Q3,PE_1024_MS_NMR10,PE_CreatureFromTheBlackjackTable,D004
66.0,PE,Q3,PE_1024_MS_NMR10,PE_CreatureFromTheBlackjackTable,D008
84.0,PE,Q3,PE_1024_MS_NMR10,PE_CreatureFromTheBlackjackTable,D009
100.0,PE,Q3,PE_1024_MS_NMR10,PE_CreatureFromTheBlackjackTable,D010
86.0,PE,Q3,PE_1024_MS_NMR10,PE_CreatureFromTheBlackjackTable,D011
38.0,PE,Q4,PE_2048_MS_NMR16,PE_27_castanets,D001
72.0,PE,Q4,PE_2048_MS_NMR16,PE_27_castanets,D002
59.0,PE,Q4,PE_2048_MS_NMR16,PE_27_castanets,D003
74.0,PE,Q4,PE_2048_MS_NMR16,PE_27_castanets,D004
58.0,PE,Q4,PE_2048_MS_NMR16,PE_27_castanets,D008
67.0,PE,Q4,PE_2048_MS_NMR16,PE_27_castanets,D009
65.0,PE,Q4,PE_2048_MS_NMR16,PE_27_castanets,D010
69.0,PE,Q4,PE_2048_MS_NMR16,PE_27_castanets,D011
63.0,PE,Q4,PE_2048_MS_NMR16,PE_39_clapping,D001
47.0,PE,Q4,PE_2048_MS_NMR16,PE_39_clapping,D002
35.0,PE,Q4,PE_2048_MS_NMR16,PE_39_clapping,D003
66.0,PE,Q4,PE_2048_MS_NMR16,PE_39_clapping,D004
60.0,PE,Q4,PE_2048_MS_NMR16,PE_39_clapping,D008
88.0,PE,Q4,PE_2048_MS_NMR16,PE_39_clapping,D009
56.0,PE,Q4,PE_2048_MS_NMR16,PE_39_clapping,D010
69.0,PE,Q4,PE_2048_MS_NMR16,PE_39_clapping,D011
99.0,PE,Q4,PE_2048_MS_NMR16,PE_AmateurOnPurpose,D001
95.0,PE,Q4,PE_2048_MS_NMR16,PE_AmateurOnPurpose,D002
92.0,PE,Q4,PE_2048_MS_NMR16,PE_AmateurOnPurpose,D003
81.0,PE,Q4,PE_2048_MS_NMR16,PE_AmateurOnPurpose,D004
81.0,PE,Q4,PE_2048_MS_NMR16,PE_AmateurOnPurpose,D008
95.0,PE,Q4,PE_2048_MS_NMR16,PE_AmateurOnPurpose,D009
98.0,PE,Q4,PE_2048_MS_NMR16,PE_AmateurOnPurpose,D010
100.0,PE,Q4,PE_2048_MS_NMR16,PE_AmateurOnPurpose,D011
95.0,PE,Q4,PE_2048_MS_NMR16,PE_CreatureFromTheBlackjackTable,D001
84.0,PE,Q4,PE_2048_MS_NMR16,PE_CreatureFromTheBlackjackTable,D002
82.0,PE,Q4,PE_2048_MS_NMR16,PE_CreatureFromTheBlackjackTable,D003
76.0,PE,Q4,PE_2048_MS_NMR16,PE_CreatureFromTheBlackjackTable,D004
100.0,PE,Q4,PE_2048_MS_NMR16,PE_CreatureFromTheBlackjackTable,D008
90.0,PE,Q4,PE_2048_MS_NMR16,PE_CreatureFromTheBlackjackTable,D009
61.0,PE,Q4,PE_2048_MS_NMR16,PE_CreatureFromTheBlackjackTable,D010
100.0,PE,Q4,PE_2048_MS_NMR16,PE_CreatureFromTheBlackjackTable,D011
46.0,PE,Q5,PE_1024_MS_NMR16,PE_27_castanets,D001
88.0,PE,Q5,PE_1024_MS_NMR16,PE_27_castanets,D002
90.0,PE,Q5,PE_1024_MS_NMR16,PE_27_castanets,D003
74.0,PE,Q5,PE_1024_MS_NMR16,PE_27_castanets,D004
83.0,PE,Q5,PE_1024_MS_NMR16,PE_27_castanets,D008
89.0,PE,Q5,PE_1024_MS_NMR16,PE_27_castanets,D009
90.0,PE,Q5,PE_1024_MS_NMR16,PE_27_castanets,D010
76.0,PE,Q5,PE_1024_MS_NMR16,PE_27_castanets,D011
83.0,PE,Q5,PE_1024_MS_NMR16,PE_39_clapping,D001
78.0,PE,Q5,PE_1024_MS_NMR16,PE_39_clapping,D002
62.0,PE,Q5,PE_1024_MS_NMR16,PE_39_clapping,D003
82.0,PE,Q5,PE_1024_MS_NMR16,PE_39_clapping,D004
90.0,PE,Q5,PE_1024_MS_NMR16,PE_39_clapping,D008
92.0,PE,Q5,PE_1024_MS_NMR16,PE_39_clapping,D009
85.0,PE,Q5,PE_1024_MS_NMR16,PE_39_clapping,D010
83.0,PE,Q5,PE_1024_MS_NMR16,PE_39_clapping,D011
95.0,PE,Q5,PE_1024_MS_NMR16,PE_AmateurOnPurpose,D001
87.0,PE,Q5,PE_1024_MS_NMR16,PE_AmateurOnPurpose,D002
96.0,PE,Q5,PE_1024_MS_NMR16,PE_AmateurOnPurpose,D003
99.0,PE,Q5,PE_1024_MS_NMR16,PE_AmateurOnPurpose,D004
90.0,PE,Q5,PE_1024_MS_NMR16,PE_AmateurOnPurpose,D008
96.0,PE,Q5,PE_1024_MS_NMR16,PE_AmateurOnPurpose,D009
80.0,PE,Q5,PE_1024_MS_NMR16,PE_AmateurOnPurpose,D010
98.0,PE,Q5,PE_1024_MS_NMR16,PE_AmateurOnPurpose,D011
90.0,PE,Q5,PE_1024_MS_NMR16,PE_CreatureFromTheBlackjackTable,D001
90.0,PE,Q5,PE_1024_MS_NMR16,PE_CreatureFromTheBlackjackTable,D002
90.0,PE,Q5,PE_1024_MS_NMR16,PE_CreatureFromTheBlackjackTable,D003
96.0,PE,Q5,PE_1024_MS_NMR16,PE_CreatureFromTheBlackjackTable,D004
94.0,PE,Q5,PE_1024_MS_NMR16,PE_CreatureFromTheBlackjackTable,D008
100.0,PE,Q5,PE_1024_MS_NMR16,PE_CreatureFromTheBlackjackTable,D009
81.0,PE,Q5,PE_1024_MS_NMR16,PE_CreatureFromTheBlackjackTable,D010
90.0,PE,Q5,PE_1024_MS_NMR16,PE_CreatureFromTheBlackjackTable,D011
100.0,PE,Ref,reference,PE_27_castanets,D001
100.0,PE,Ref,reference,PE_27_castanets,D002
100.0,PE,Ref,reference,PE_27_castanets,D003
100.0,PE,Ref,reference,PE_27_castanets,D004
100.0,PE,Ref,reference,PE_27_castanets,D008
100.0,PE,Ref,reference,PE_27_castanets,D009
100.0,PE,Ref,reference,PE_27_castanets,D010
100.0,PE,Ref,reference,PE_27_castanets,D011
100.0,PE,Ref,reference,PE_39_clapping,D001
100.0,PE,Ref,reference,PE_39_clapping,D002
100.0,PE,Ref,reference,PE_39_clapping,D003
100.0,PE,Ref,reference,PE_39_clapping,D004
100.0,PE,Ref,reference,PE_39_clapping,D008
100.0,PE,Ref,reference,PE_39_clapping,D009
100.0,PE,Ref,reference,PE_39_clapping,D010
100.0,PE,Ref,reference,PE_39_clapping,D011
100.0,PE,Ref,reference,PE_AmateurOnPurpose,D001
99.0,PE,Ref,reference,PE_AmateurOnPurpose,D002
100.0,PE,Ref,reference,PE_AmateurOnPurpose,D003
100.0,PE,Ref,reference,PE_AmateurOnPurpose,D004
100.0,PE,Ref,reference,PE_AmateurOnPurpose,D008
100.0,PE,Ref,reference,PE_AmateurOnPurpose,D009
100.0,PE,Ref,reference,PE_AmateurOnPurpose,D010
85.0,PE,Ref,reference,PE_AmateurOnPurpose,D011
100.0,PE,Ref,reference,PE_CreatureFromTheBlackjackTable,D001
100.0,PE,Ref,reference,PE_CreatureFromTheBlackjackTable,D002
100.0,PE,Ref,reference,PE_CreatureFromTheBlackjackTable,D003
100.0,PE,Ref,reference,PE_CreatureFromTheBlackjackTable,D004
80.0,PE,Ref,reference,PE_CreatureFromTheBlackjackTable,D008
96.0,PE,Ref,reference,PE_CreatureFromTheBlackjackTable,D009
90.0,PE,Ref,reference,PE_CreatureFromTheBlackjackTable,D010
99.0,PE,Ref,reference,PE_CreatureFromTheBlackjackTable,D011
15.0,SH,LP3.5,LP35,SH_04_choral,D001
10.0,SH,LP3.5,LP35,SH_04_choral,D002
7.0,SH,LP3.5,LP35,SH_04_choral,D003
10.0,SH,LP3.5,LP35,SH_04_choral,D004
10.0,SH,LP3.5,LP35,SH_04_choral,D008
6.0,SH,LP3.5,LP35,SH_04_choral,D009
10.0,SH,LP3.5,LP35,SH_04_choral,D010
9.0,SH,LP3.5,LP35,SH_04_choral,D011
21.0,SH,LP3.5,LP35,SH_13_glockenspiel,D001
10.0,SH,LP3.5,LP35,SH_13_glockenspiel,D002
5.0,SH,LP3.5,LP35,SH_13_glockenspiel,D003
10.0,SH,LP3.5,LP35,SH_13_glockenspiel,D004
10.0,SH,LP3.5,LP35,SH_13_glockenspiel,D008
8.0,SH,LP3.5,LP35,SH_13_glockenspiel,D009
6.0,SH,LP3.5,LP35,SH_13_glockenspiel,D010
10.0,SH,LP3.5,LP35,SH_13_glockenspiel,D011
13.0,SH,LP3.5,LP35,SH_AmateurOnPurpose,D001
10.0,SH,LP3.5,LP35,SH_AmateurOnPurpose,D002
5.0,SH,LP3.5,LP35,SH_AmateurOnPurpose,D003
20.0,SH,LP3.5,LP35,SH_AmateurOnPurpose,D004
10.0,SH,LP3.5,LP35,SH_AmateurOnPurpose,D008
5.0,SH,LP3.5,LP35,SH_AmateurOnPurpose,D009
30.0,SH,LP3.5,LP35,SH_AmateurOnPurpose,D010
13.0,SH,LP3.5,LP35,SH_AmateurOnPurpose,D011
10.0,SH,LP3.5,LP35,SH_CreatureFromTheBlackjackTable,D001
10.0,SH,LP3.5,LP35,SH_CreatureFromTheBlackjackTable,D002
5.0,SH,LP3.5,LP35,SH_CreatureFromTheBlackjackTable,D003
10.0,SH,LP3.5,LP35,SH_CreatureFromTheBlackjackTable,D004
10.0,SH,LP3.5,LP35,SH_CreatureFromTheBlackjackTable,D008
7.0,SH,LP3.5,LP35,SH_CreatureFromTheBlackjackTable,D009
22.0,SH,LP3.5,LP35,SH_CreatureFromTheBlackjackTable,D010
12.0,SH,LP3.5,LP35,SH_CreatureFromTheBlackjackTable,D011
23.0,SH,LP7,LP70,SH_04_choral,D001
18.0,SH,LP7,LP70,SH_04_choral,D002
13.0,SH,LP7,LP70,SH_04_choral,D003
20.0,SH,LP7,LP70,SH_04_choral,D004
23.0,SH,LP7,LP70,SH_04_choral,D008
19.0,SH,LP7,LP70,SH_04_choral,D009
60.0,SH,LP7,LP70,SH_04_choral,D010
18.0,SH,LP7,LP70,SH_04_choral,D011
33.0,SH,LP7,LP70,SH_13_glockenspiel,D001
17.0,SH,LP7,LP70,SH_13_glockenspiel,D002
6.0,SH,LP7,LP70,SH_13_glockenspiel,D003
20.0,SH,LP7,LP70,SH_13_glockenspiel,D004
20.0,SH,LP7,LP70,SH_13_glockenspiel,D008
14.0,SH,LP7,LP70,SH_13_glockenspiel,D009
80.0,SH,LP7,LP70,SH_13_glockenspiel,D010
27.0,SH,LP7,LP70,SH_13_glockenspiel,D011
23.0,SH,LP7,LP70,SH_AmateurOnPurpose,D001
18.0,SH,LP7,LP70,SH_AmateurOnPurpose,D002
10.0,SH,LP7,LP70,SH_AmateurOnPurpose,D003
10.0,SH,LP7,LP70,SH_AmateurOnPurpose,D004
20.0,SH,LP7,LP70,SH_AmateurOnPurpose,D008
14.0,SH,LP7,LP70,SH_AmateurOnPurpose,D009
12.0,SH,LP7,LP70,SH_AmateurOnPurpose,D010
20.0,SH,LP7,LP70,SH_AmateurOnPurpose,D011
27.0,SH,LP7,LP70,SH_CreatureFromTheBlackjackTable,D001
18.0,SH,LP7,LP70,SH_CreatureFromTheBlackjackTable,D002
18.0,SH,LP7,LP70,SH_CreatureFromTheBlackjackTable,D003
20.0,SH,LP7,LP70,SH_CreatureFromTheBlackjackTable,D004
24.0,SH,LP7,LP70,SH_CreatureFromTheBlackjackTable,D008
12.0,SH,LP7,LP70,SH_CreatureFromTheBlackjackTable,D009
42.0,SH,LP7,LP70,SH_CreatureFromTheBlackjackTable,D010
17.0,SH,LP7,LP70,SH_CreatureFromTheBlackjackTable,D011
34.0,SH,Q1,SH70_MS,SH_04_choral,D001
30.0,SH,Q1,SH70_MS,SH_04_choral,D002
24.0,SH,Q1,SH70_MS,SH_04_choral,D003
40.0,SH,Q1,SH70_MS,SH_04_choral,D004
44.0,SH,Q1,SH70_MS,SH_04_choral,D008
59.0,SH,Q1,SH70_MS,SH_04_choral,D009
20.0,SH,Q1,SH70_MS,SH_04_choral,D010
36.0,SH,Q1,SH70_MS,SH_04_choral,D011
12.0,SH,Q1,SH70_MS,SH_13_glockenspiel,D001
25.0,SH,Q1,SH70_MS,SH_13_glockenspiel,D002
7.0,SH,Q1,SH70_MS,SH_13_glockenspiel,D003
37.0,SH,Q1,SH70_MS,SH_13_glockenspiel,D004
30.0,SH,Q1,SH70_MS,SH_13_glockenspiel,D008
70.0,SH,Q1,SH70_MS,SH_13_glockenspiel,D009
18.0,SH,Q1,SH70_MS,SH_13_glockenspiel,D010
36.0,SH,Q1,SH70_MS,SH_13_glockenspiel,D011
21.0,SH,Q1,SH70_MS,SH_AmateurOnPurpose,D001
24.0,SH,Q1,SH70_MS,SH_AmateurOnPurpose,D002
13.0,SH,Q1,SH70_MS,SH_AmateurOnPurpose,D003
30.0,SH,Q1,SH70_MS,SH_AmateurOnPurpose,D004
26.0,SH,Q1,SH70_MS,SH_AmateurOnPurpose,D008
70.0,SH,Q1,SH70_MS,SH_AmateurOnPurpose,D009
21.0,SH,Q1,SH70_MS,SH_AmateurOnPurpose,D010
38.0,SH,Q1,SH70_MS,SH_AmateurOnPurpose,D011
37.0,SH,Q1,SH70_MS,SH_CreatureFromTheBlackjackTable,D001
40.0,SH,Q1,SH70_MS,SH_CreatureFromTheBlackjackTable,D002
7.0,SH,Q1,SH70_MS,SH_CreatureFromTheBlackjackTable,D003
26.0,SH,Q1,SH70_MS,SH_CreatureFromTheBlackjackTable,D004
39.0,SH,Q1,SH70_MS,SH_CreatureFromTheBlackjackTable,D008
68.0,SH,Q1,SH70_MS,SH_CreatureFromTheBlackjackTable,D009
13.0,SH,Q1,SH70_MS,SH_CreatureFromTheBlackjackTable,D010
47.0,SH,Q1,SH70_MS,SH_CreatureFromTheBlackjackTable,D011
44.0,SH,Q2,SH50_MS,SH_04_choral,D001
38.0,SH,Q2,SH50_MS,SH_04_choral,D002
33.0,SH,Q2,SH50_MS,SH_04_choral,D003
57.0,SH,Q2,SH50_MS,SH_04_choral,D004
56.0,SH,Q2,SH50_MS,SH_04_choral,D008
57.0,SH,Q2,SH50_MS,SH_04_choral,D009
50.0,SH,Q2,SH50_MS,SH_04_choral,D010
56.0,SH,Q2,SH50_MS,SH_04_choral,D011
12.0,SH,Q2,SH50_MS,SH_13_glockenspiel,D001
33.0,SH,Q2,SH50_MS,SH_13_glockenspiel,D002
15.0,SH,Q2,SH50_MS,SH_13_glockenspiel,D003
55.0,SH,Q2,SH50_MS,SH_13_glockenspiel,D004
41.0,SH,Q2,SH50_MS,SH_13_glockenspiel,D008
77.0,SH,Q2,SH50_MS,SH_13_glockenspiel,D009
44.0,SH,Q2,SH50_MS,SH_13_glockenspiel,D010
35.0,SH,Q2,SH50_MS,SH_13_glockenspiel,D011
71.0,SH,Q2,SH50_MS,SH_AmateurOnPurpose,D001
28.0,SH,Q2,SH50_MS,SH_AmateurOnPurpose,D002
22.0,SH,Q2,SH50_MS,SH_AmateurOnPurpose,D003
37.0,SH,Q2,SH50_MS,SH_AmateurOnPurpose,D004
38.0,SH,Q2,SH50_MS,SH_AmateurOnPurpose,D008
78.0,SH,Q2,SH50_MS,SH_AmateurOnPurpose,D009
51.0,SH,Q2,SH50_MS,SH_AmateurOnPurpose,D010
46.0,SH,Q2,SH50_MS,SH_AmateurOnPurpose,D011
48.0,SH,Q2,SH50_MS,SH_CreatureFromTheBlackjackTable,D001
47.0,SH,Q2,SH50_MS,SH_CreatureFromTheBlackjackTable,D002
14.0,SH,Q2,SH50_MS,SH_CreatureFromTheBlackjackTable,D003
40.0,SH,Q2,SH50_MS,SH_CreatureFromTheBlackjackTable,D004
57.0,SH,Q2,SH50_MS,SH_CreatureFromTheBlackjackTable,D008
60.0,SH,Q2,SH50_MS,SH_CreatureFromTheBlackjackTable,D009
33.0,SH,Q2,SH50_MS,SH_CreatureFromTheBlackjackTable,D010
66.0,SH,Q2,SH50_MS,SH_CreatureFromTheBlackjackTable,D011
91.0,SH,Q3,SH30_MS,SH_04_choral,D001
54.0,SH,Q3,SH30_MS,SH_04_choral,D002
46.0,SH,Q3,SH30_MS,SH_04_choral,D003
69.0,SH,Q3,SH30_MS,SH_04_choral,D004
60.0,SH,Q3,SH30_MS,SH_04_choral,D008
87.0,SH,Q3,SH30_MS,SH_04_choral,D009
71.0,SH,Q3,SH30_MS,SH_04_choral,D010
50.0,SH,Q3,SH30_MS,SH_04_choral,D011
46.0,SH,Q3,SH30_MS,SH_13_glockenspiel,D001
43.0,SH,Q3,SH30_MS,SH_13_glockenspiel,D002
21.0,SH,Q3,SH30_MS,SH_13_glockenspiel,D003
61.0,SH,Q3,SH30_MS,SH_13_glockenspiel,D004
56.0,SH,Q3,SH30_MS,SH_13_glockenspiel,D008
85.0,SH,Q3,SH30_MS,SH_13_glockenspiel,D009
60.0,SH,Q3,SH30_MS,SH_13_glockenspiel,D010
48.0,SH,Q3,SH30_MS,SH_13_glockenspiel,D011
94.0,SH,Q3,SH30_MS,SH_AmateurOnPurpose,D001
63.0,SH,Q3,SH30_MS,SH_AmateurOnPurpose,D002
41.0,SH,Q3,SH30_MS,SH_AmateurOnPurpose,D003
51.0,SH,Q3,SH30_MS,SH_AmateurOnPurpose,D004
62.0,SH,Q3,SH30_MS,SH_AmateurOnPurpose,D008
85.0,SH,Q3,SH30_MS,SH_AmateurOnPurpose,D009
72.0,SH,Q3,SH30_MS,SH_AmateurOnPurpose,D010
79.0,SH,Q3,SH30_MS,SH_AmateurOnPurpose,D011
67.0,SH,Q3,SH30_MS,SH_CreatureFromTheBlackjackTable,D001
57.0,SH,Q3,SH30_MS,SH_CreatureFromTheBlackjackTable,D002
29.0,SH,Q3,SH30_MS,SH_CreatureFromTheBlackjackTable,D003
44.0,SH,Q3,SH30_MS,SH_CreatureFromTheBlackjackTable,D004
66.0,SH,Q3,SH30_MS,SH_CreatureFromTheBlackjackTable,D008
79.0,SH,Q3,SH30_MS,SH_CreatureFromTheBlackjackTable,D009
55.0,SH,Q3,SH30_MS,SH_CreatureFromTheBlackjackTable,D010
74.0,SH,Q3,SH30_MS,SH_CreatureFromTheBlackjackTable,D011
90.0,SH,Q4,SH20_MS,SH_04_choral,D001
64.0,SH,Q4,SH20_MS,SH_04_choral,D002
79.0,SH,Q4,SH20_MS,SH_04_choral,D003
83.0,SH,Q4,SH20_MS,SH_04_choral,D004
75.0,SH,Q4,SH20_MS,SH_04_choral,D008
90.0,SH,Q4,SH20_MS,SH_04_choral,D009
80.0,SH,Q4,SH20_MS,SH_04_choral,D010
91.0,SH,Q4,SH20_MS,SH_04_choral,D011
58.0,SH,Q4,SH20_MS,SH_13_glockenspiel,D001
50.0,SH,Q4,SH20_MS,SH_13_glockenspiel,D002
49.0,SH,Q4,SH20_MS,SH_13_glockenspiel,D003
71.0,SH,Q4,SH20_MS,SH_13_glockenspiel,D004
70.0,SH,Q4,SH20_MS,SH_13_glockenspiel,D008
90.0,SH,Q4,SH20_MS,SH_13_glockenspiel,D009
67.0,SH,Q4,SH20_MS,SH_13_glockenspiel,D010
68.0,SH,Q4,SH20_MS,SH_13_glockenspiel,D011
75.0,SH,Q4,SH20_MS,SH_AmateurOnPurpose,D001
73.0,SH,Q4,SH20_MS,SH_AmateurOnPurpose,D002
54.0,SH,Q4,SH20_MS,SH_AmateurOnPurpose,D003
58.0,SH,Q4,SH20_MS,SH_AmateurOnPurpose,D004
80.0,SH,Q4,SH20_MS,SH_AmateurOnPurpose,D008
92.0,SH,Q4,SH20_MS,SH_AmateurOnPurpose,D009
72.0,SH,Q4,SH20_MS,SH_AmateurOnPurpose,D010
59.0,SH,Q4,SH20_MS,SH_AmateurOnPurpose,D011
88.0,SH,Q4,SH20_MS,SH_CreatureFromTheBlackjackTable,D001
69.0,SH,Q4,SH20_MS,SH_CreatureFromTheBlackjackTable,D002
42.0,SH,Q4,SH20_MS,SH_CreatureFromTheBlackjackTable,D003
71.0,SH,Q4,SH20_MS,SH_CreatureFromTheBlackjackTable,D004
79.0,SH,Q4,SH20_MS,SH_CreatureFromTheBlackjackTable,D008
72.0,SH,Q4,SH20_MS,SH_CreatureFromTheBlackjackTable,D009
79.0,SH,Q4,SH20_MS,SH_CreatureFromTheBlackjackTable,D010
81.0,SH,Q4,SH20_MS,SH_CreatureFromTheBlackjackTable,D011
63.0,SH,Q5,SH10_MS,SH_04_choral,D001
95.0,SH,Q5,SH10_MS,SH_04_choral,D002
61.0,SH,Q5,SH10_MS,SH_04_choral,D003
96.0,SH,Q5,SH10_MS,SH_04_choral,D004
85.0,SH,Q5,SH10_MS,SH_04_choral,D008
94.0,SH,Q5,SH10_MS,SH_04_choral,D009
95.0,SH,Q5,SH10_MS,SH_04_choral,D010
82.0,SH,Q5,SH10_MS,SH_04_choral,D011
81.0,SH,Q5,SH10_MS,SH_13_glockenspiel,D001
65.0,SH,Q5,SH10_MS,SH_13_glockenspiel,D002
33.0,SH,Q5,SH10_MS,SH_13_glockenspiel,D003
97.0,SH,Q5,SH10_MS,SH_13_glockenspiel,D004
80.0,SH,Q5,SH10_MS,SH_13_glockenspiel,D008
95.0,SH,Q5,SH10_MS,SH_13_glockenspiel,D009
94.0,SH,Q5,SH10_MS,SH_13_glockenspiel,D010
87.0,SH,Q5,SH10_MS,SH_13_glockenspiel,D011
40.0,SH,Q5,SH10_MS,SH_AmateurOnPurpose,D001
83.0,SH,Q5,SH10_MS,SH_AmateurOnPurpose,D002
73.0,SH,Q5,SH10_MS,SH_AmateurOnPurpose,D003
74.0,SH,Q5,SH10_MS,SH_AmateurOnPurpose,D004
48.0,SH,Q5,SH10_MS,SH_AmateurOnPurpose,D008
97.0,SH,Q5,SH10_MS,SH_AmateurOnPurpose,D009
94.0,SH,Q5,SH10_MS,SH_AmateurOnPurpose,D010
99.0,SH,Q5,SH10_MS,SH_AmateurOnPurpose,D011
99.0,SH,Q5,SH10_MS,SH_CreatureFromTheBlackjackTable,D001
83.0,SH,Q5,SH10_MS,SH_CreatureFromTheBlackjackTable,D002
93.0,SH,Q5,SH10_MS,SH_CreatureFromTheBlackjackTable,D003
81.0,SH,Q5,SH10_MS,SH_CreatureFromTheBlackjackTable,D004
87.0,SH,Q5,SH10_MS,SH_CreatureFromTheBlackjackTable,D008
94.0,SH,Q5,SH10_MS,SH_CreatureFromTheBlackjackTable,D009
89.0,SH,Q5,SH10_MS,SH_CreatureFromTheBlackjackTable,D010
99.0,SH,Q5,SH10_MS,SH_CreatureFromTheBlackjackTable,D011
100.0,SH,Ref,reference,SH_04_choral,D001
100.0,SH,Ref,reference,SH_04_choral,D002
100.0,SH,Ref,reference,SH_04_choral,D003
100.0,SH,Ref,reference,SH_04_choral,D004
100.0,SH,Ref,reference,SH_04_choral,D008
100.0,SH,Ref,reference,SH_04_choral,D009
100.0,SH,Ref,reference,SH_04_choral,D010
100.0,SH,Ref,reference,SH_04_choral,D011
100.0,SH,Ref,reference,SH_13_glockenspiel,D001
100.0,SH,Ref,reference,SH_13_glockenspiel,D002
100.0,SH,Ref,reference,SH_13_glockenspiel,D003
100.0,SH,Ref,reference,SH_13_glockenspiel,D004
100.0,SH,Ref,reference,SH_13_glockenspiel,D008
100.0,SH,Ref,reference,SH_13_glockenspiel,D009
100.0,SH,Ref,reference,SH_13_glockenspiel,D010
100.0,SH,Ref,reference,SH_13_glockenspiel,D011
100.0,SH,Ref,reference,SH_AmateurOnPurpose,D001
100.0,SH,Ref,reference,SH_AmateurOnPurpose,D002
100.0,SH,Ref,reference,SH_AmateurOnPurpose,D003
100.0,SH,Ref,reference,SH_AmateurOnPurpose,D004
100.0,SH,Ref,reference,SH_AmateurOnPurpose,D008
100.0,SH,Ref,reference,SH_AmateurOnPurpose,D009
100.0,SH,Ref,reference,SH_AmateurOnPurpose,D010
100.0,SH,Ref,reference,SH_AmateurOnPurpose,D011
100.0,SH,Ref,reference,SH_CreatureFromTheBlackjackTable,D001
100.0,SH,Ref,reference,SH_CreatureFromTheBlackjackTable,D002
100.0,SH,Ref,reference,SH_CreatureFromTheBlackjackTable,D003
100.0,SH,Ref,reference,SH_CreatureFromTheBlackjackTable,D004
100.0,SH,Ref,reference,SH_CreatureFromTheBlackjackTable,D008
100.0,SH,Ref,reference,SH_CreatureFromTheBlackjackTable,D009
100.0,SH,Ref,reference,SH_CreatureFromTheBlackjackTable,D010
100.0,SH,Ref,reference,SH_CreatureFromTheBlackjackTable,D011
12.0,TM,LP3.5,LP35,TM_01b_trumpet,D001
10.0,TM,LP3.5,LP35,TM_01b_trumpet,D002
7.0,TM,LP3.5,LP35,TM_01b_trumpet,D003
10.0,TM,LP3.5,LP35,TM_01b_trumpet,D004
10.0,TM,LP3.5,LP35,TM_01b_trumpet,D008
7.0,TM,LP3.5,LP35,TM_01b_trumpet,D009
10.0,TM,LP3.5,LP35,TM_01b_trumpet,D010
9.0,TM,LP3.5,LP35,TM_01b_trumpet,D011
15.0,TM,LP3.5,LP35,TM_02_violin,D001
10.0,TM,LP3.5,LP35,TM_02_violin,D002
10.0,TM,LP3.5,LP35,TM_02_violin,D003
10.0,TM,LP3.5,LP35,TM_02_violin,D004
10.0,TM,LP3.5,LP35,TM_02_violin,D008
7.0,TM,LP3.5,LP35,TM_02_violin,D009
10.0,TM,LP3.5,LP35,TM_02_violin,D010
9.0,TM,LP3.5,LP35,TM_02_violin,D011
9.0,TM,LP3.5,LP35,TM_AmateurOnPurpose,D001
10.0,TM,LP3.5,LP35,TM_AmateurOnPurpose,D002
10.0,TM,LP3.5,LP35,TM_AmateurOnPurpose,D003
10.0,TM,LP3.5,LP35,TM_AmateurOnPurpose,D004
10.0,TM,LP3.5,LP35,TM_AmateurOnPurpose,D008
8.0,TM,LP3.5,LP35,TM_AmateurOnPurpose,D009
9.0,TM,LP3.5,LP35,TM_AmateurOnPurpose,D010
11.0,TM,LP3.5,LP35,TM_AmateurOnPurpose,D011
12.0,TM,LP3.5,LP35,TM_CreatureFromTheBlackjackTable,D001
10.0,TM,LP3.5,LP35,TM_CreatureFromTheBlackjackTable,D002
5.0,TM,LP3.5,LP35,TM_CreatureFromTheBlackjackTable,D003
12.0,TM,LP3.5,LP35,TM_CreatureFromTheBlackjackTable,D004
10.0,TM,LP3.5,LP35,TM_CreatureFromTheBlackjackTable,D008
6.0,TM,LP3.5,LP35,TM_CreatureFromTheBlackjackTable,D009
10.0,TM,LP3.5,LP35,TM_CreatureFromTheBlackjackTable,D010
8.0,TM,LP3.5,LP35,TM_CreatureFromTheBlackjackTable,D011
22.0,TM,LP7,LP70,TM_01b_trumpet,D001
18.0,TM,LP7,LP70,TM_01b_trumpet,D002
15.0,TM,LP7,LP70,TM_01b_trumpet,D003
20.0,TM,LP7,LP70,TM_01b_trumpet,D004
20.0,TM,LP7,LP70,TM_01b_trumpet,D008
20.0,TM,LP7,LP70,TM_01b_trumpet,D009
20.0,TM,LP7,LP70,TM_01b_trumpet,D010
20.0,TM,LP7,LP70,TM_01b_trumpet,D011
27.0,TM,LP7,LP70,TM_02_violin,D001
18.0,TM,LP7,LP70,TM_02_violin,D002
20.0,TM,LP7,LP70,TM_02_violin,D003
20.0,TM,LP7,LP70,TM_02_violin,D004
20.0,TM,LP7,LP70,TM_02_violin,D008
15.0,TM,LP7,LP70,TM_02_violin,D009
21.0,TM,LP7,LP70,TM_02_violin,D010
20.0,TM,LP7,LP70,TM_02_violin,D011
16.0,TM,LP7,LP70,TM_AmateurOnPurpose,D001
18.0,TM,LP7,LP70,TM_AmateurOnPurpose,D002
12.0,TM,LP7,LP70,TM_AmateurOnPurpose,D003
20.0,TM,LP7,LP70,TM_AmateurOnPurpose,D004
20.0,TM,LP7,LP70,TM_AmateurOnPurpose,D008
12.0,TM,LP7,LP70,TM_AmateurOnPurpose,D009
19.0,TM,LP7,LP70,TM_AmateurOnPurpose,D010
20.0,TM,LP7,LP70,TM_AmateurOnPurpose,D011
28.0,TM,LP7,LP70,TM_CreatureFromTheBlackjackTable,D001
18.0,TM,LP7,LP70,TM_CreatureFromTheBlackjackTable,D002
11.0,TM,LP7,LP70,TM_CreatureFromTheBlackjackTable,D003
19.0,TM,LP7,LP70,TM_CreatureFromTheBlackjackTable,D004
20.0,TM,LP7,LP70,TM_CreatureFromTheBlackjackTable,D008
12.0,TM,LP7,LP70,TM_CreatureFromTheBlackjackTable,D009
20.0,TM,LP7,LP70,TM_CreatureFromTheBlackjackTable,D010
20.0,TM,LP7,LP70,TM_CreatureFromTheBlackjackTable,D011
58.0,TM,Q1,TM3k,TM_01b_trumpet,D001
46.0,TM,Q1,TM3k,TM_01b_trumpet,D002
41.0,TM,Q1,TM3k,TM_01b_trumpet,D003
66.0,TM,Q1,TM3k,TM_01b_trumpet,D004
41.0,TM,Q1,TM3k,TM_01b_trumpet,D008
67.0,TM,Q1,TM3k,TM_01b_trumpet,D009
31.0,TM,Q1,TM3k,TM_01b_trumpet,D010
38.0,TM,Q1,TM3k,TM_01b_trumpet,D011
9.0,TM,Q1,TM3k,TM_02_violin,D001
27.0,TM,Q1,TM3k,TM_02_violin,D002
26.0,TM,Q1,TM3k,TM_02_violin,D003
69.0,TM,Q1,TM3k,TM_02_violin,D004
30.0,TM,Q1,TM3k,TM_02_violin,D008
60.0,TM,Q1,TM3k,TM_02_violin,D009
32.0,TM,Q1,TM3k,TM_02_violin,D010
36.0,TM,Q1,TM3k,TM_02_violin,D011
24.0,TM,Q1,TM3k,TM_AmateurOnPurpose,D001
37.0,TM,Q1,TM3k,TM_AmateurOnPurpose,D002
17.0,TM,Q1,TM3k,TM_AmateurOnPurpose,D003
64.0,TM,Q1,TM3k,TM_AmateurOnPurpose,D004
46.0,TM,Q1,TM3k,TM_AmateurOnPurpose,D008
59.0,TM,Q1,TM3k,TM_AmateurOnPurpose,D009
31.0,TM,Q1,TM3k,TM_AmateurOnPurpose,D010
33.0,TM,Q1,TM3k,TM_AmateurOnPurpose,D011
43.0,TM,Q1,TM3k,TM_CreatureFromTheBlackjackTable,D001
28.0,TM,Q1,TM3k,TM_CreatureFromTheBlackjackTable,D002
16.0,TM,Q1,TM3k,TM_CreatureFromTheBlackjackTable,D003
86.0,TM,Q1,TM3k,TM_CreatureFromTheBlackjackTable,D004
31.0,TM,Q1,TM3k,TM_CreatureFromTheBlackjackTable,D008
60.0,TM,Q1,TM3k,TM_CreatureFromTheBlackjackTable,D009
30.0,TM,Q1,TM3k,TM_CreatureFromTheBlackjackTable,D010
35.0,TM,Q1,TM3k,TM_CreatureFromTheBlackjackTable,D011
78.0,TM,Q2,TM5k,TM_01b_trumpet,D001
58.0,TM,Q2,TM5k,TM_01b_trumpet,D002
56.0,TM,Q2,TM5k,TM_01b_trumpet,D003
74.0,TM,Q2,TM5k,TM_01b_trumpet,D004
58.0,TM,Q2,TM5k,TM_01b_trumpet,D008
77.0,TM,Q2,TM5k,TM_01b_trumpet,D009
50.0,TM,Q2,TM5k,TM_01b_trumpet,D010
51.0,TM,Q2,TM5k,TM_01b_trumpet,D011
86.0,TM,Q2,TM5k,TM_02_violin,D001
37.0,TM,Q2,TM5k,TM_02_violin,D002
33.0,TM,Q2,TM5k,TM_02_violin,D003
90.0,TM,Q2,TM5k,TM_02_violin,D004
45.0,TM,Q2,TM5k,TM_02_violin,D008
66.0,TM,Q2,TM5k,TM_02_violin,D009
48.0,TM,Q2,TM5k,TM_02_violin,D010
44.0,TM,Q2,TM5k,TM_02_violin,D011
49.0,TM,Q2,TM5k,TM_AmateurOnPurpose,D001
52.0,TM,Q2,TM5k,TM_AmateurOnPurpose,D002
33.0,TM,Q2,TM5k,TM_AmateurOnPurpose,D003
77.0,TM,Q2,TM5k,TM_AmateurOnPurpose,D004
33.0,TM,Q2,TM5k,TM_AmateurOnPurpose,D008
80.0,TM,Q2,TM5k,TM_AmateurOnPurpose,D009
45.0,TM,Q2,TM5k,TM_AmateurOnPurpose,D010
38.0,TM,Q2,TM5k,TM_AmateurOnPurpose,D011
68.0,TM,Q2,TM5k,TM_CreatureFromTheBlackjackTable,D001
37.0,TM,Q2,TM5k,TM_CreatureFromTheBlackjackTable,D002
53.0,TM,Q2,TM5k,TM_CreatureFromTheBlackjackTable,D003
83.0,TM,Q2,TM5k,TM_CreatureFromTheBlackjackTable,D004
42.0,TM,Q2,TM5k,TM_CreatureFromTheBlackjackTable,D008
75.0,TM,Q2,TM5k,TM_CreatureFromTheBlackjackTable,D009
59.0,TM,Q2,TM5k,TM_CreatureFromTheBlackjackTable,D010
40.0,TM,Q2,TM5k,TM_CreatureFromTheBlackjackTable,D011
84.0,TM,Q3,TM7k,TM_01b_trumpet,D001
90.0,TM,Q3,TM7k,TM_01b_trumpet,D002
74.0,TM,Q3,TM7k,TM_01b_trumpet,D003
83.0,TM,Q3,TM7k,TM_01b_trumpet,D004
67.0,TM,Q3,TM7k,TM_01b_trumpet,D008
96.0,TM,Q3,TM7k,TM_01b_trumpet,D009
61.0,TM,Q3,TM7k,TM_01b_trumpet,D010
62.0,TM,Q3,TM7k,TM_01b_trumpet,D011
93.0,TM,Q3,TM7k,TM_02_violin,D001
62.0,TM,Q3,TM7k,TM_02_violin,D002
68.0,TM,Q3,TM7k,TM_02_violin,D003
86.0,TM,Q3,TM7k,TM_02_violin,D004
72.0,TM,Q3,TM7k,TM_02_violin,D008
85.0,TM,Q3,TM7k,TM_02_violin,D009
60.0,TM,Q3,TM7k,TM_02_violin,D010
52.0,TM,Q3,TM7k,TM_02_violin,D011
79.0,TM,Q3,TM7k,TM_AmateurOnPurpose,D001
74.0,TM,Q3,TM7k,TM_AmateurOnPurpose,D002
53.0,TM,Q3,TM7k,TM_AmateurOnPurpose,D003
71.0,TM,Q3,TM7k,TM_AmateurOnPurpose,D004
60.0,TM,Q3,TM7k,TM_AmateurOnPurpose,D008
82.0,TM,Q3,TM7k,TM_AmateurOnPurpose,D009
69.0,TM,Q3,TM7k,TM_AmateurOnPurpose,D010
49.0,TM,Q3,TM7k,TM_AmateurOnPurpose,D011
99.0,TM,Q3,TM7k,TM_CreatureFromTheBlackjackTable,D001
56.0,TM,Q3,TM7k,TM_CreatureFromTheBlackjackTable,D002
80.0,TM,Q3,TM7k,TM_CreatureFromTheBlackjackTable,D003
83.0,TM,Q3,TM7k,TM_CreatureFromTheBlackjackTable,D004
57.0,TM,Q3,TM7k,TM_CreatureFromTheBlackjackTable,D008
84.0,TM,Q3,TM7k,TM_CreatureFromTheBlackjackTable,D009
67.0,TM,Q3,TM7k,TM_CreatureFromTheBlackjackTable,D010
50.0,TM,Q3,TM7k,TM_CreatureFromTheBlackjackTable,D011
98.0,TM,Q4,TM9k,TM_01b_trumpet,D001
93.0,TM,Q4,TM9k,TM_01b_trumpet,D002
87.0,TM,Q4,TM9k,TM_01b_trumpet,D003
91.0,TM,Q4,TM9k,TM_01b_trumpet,D004
81.0,TM,Q4,TM9k,TM_01b_trumpet,D008
100.0,TM,Q4,TM9k,TM_01b_trumpet,D009
70.0,TM,Q4,TM9k,TM_01b_trumpet,D010
99.0,TM,Q4,TM9k,TM_01b_trumpet,D011
69.0,TM,Q4,TM9k,TM_02_violin,D001
90.0,TM,Q4,TM9k,TM_02_violin,D002
84.0,TM,Q4,TM9k,TM_02_violin,D003
97.0,TM,Q4,TM9k,TM_02_violin,D004
94.0,TM,Q4,TM9k,TM_02_violin,D008
100.0,TM,Q4,TM9k,TM_02_violin,D009
64.0,TM,Q4,TM9k,TM_02_violin,D010
100.0,TM,Q4,TM9k,TM_02_violin,D011
72.0,TM,Q4,TM9k,TM_AmateurOnPurpose,D001
82.0,TM,Q4,TM9k,TM_AmateurOnPurpose,D002
80.0,TM,Q4,TM9k,TM_AmateurOnPurpose,D003
93.0,TM,Q4,TM9k,TM_AmateurOnPurpose,D004
80.0,TM,Q4,TM9k,TM_AmateurOnPurpose,D008
93.0,TM,Q4,TM9k,TM_AmateurOnPurpose,D009
74.0,TM,Q4,TM9k,TM_AmateurOnPurpose,D010
99.0,TM,Q4,TM9k,TM_AmateurOnPurpose,D011
95.0,TM,Q4,TM9k,TM_CreatureFromTheBlackjackTable,D001
92.0,TM,Q4,TM9k,TM_CreatureFromTheBlackjackTable,D002
97.0,TM,Q4,TM9k,TM_CreatureFromTheBlackjackTable,D003
89.0,TM,Q4,TM9k,TM_CreatureFromTheBlackjackTable,D004
72.0,TM,Q4,TM9k,TM_CreatureFromTheBlackjackTable,D008
95.0,TM,Q4,TM9k,TM_CreatureFromTheBlackjackTable,D009
80.0,TM,Q4,TM9k,TM_CreatureFromTheBlackjackTable,D010
91.0,TM,Q4,TM9k,TM_CreatureFromTheBlackjackTable,D011
93.0,TM,Q5,TM10.5k,TM_01b_trumpet,D001
100.0,TM,Q5,TM10.5k,TM_01b_trumpet,D002
93.0,TM,Q5,TM10.5k,TM_01b_trumpet,D003
99.0,TM,Q5,TM10.5k,TM_01b_trumpet,D004
100.0,TM,Q5,TM10.5k,TM_01b_trumpet,D008
83.0,TM,Q5,TM10.5k,TM_01b_trumpet,D009
97.0,TM,Q5,TM10.5k,TM_01b_trumpet,D010
91.0,TM,Q5,TM10.5k,TM_01b_trumpet,D011
42.0,TM,Q5,TM10.5k,TM_02_violin,D001
99.0,TM,Q5,TM10.5k,TM_02_violin,D002
92.0,TM,Q5,TM10.5k,TM_02_violin,D003
93.0,TM,Q5,TM10.5k,TM_02_violin,D004
82.0,TM,Q5,TM10.5k,TM_02_violin,D008
94.0,TM,Q5,TM10.5k,TM_02_violin,D009
76.0,TM,Q5,TM10.5k,TM_02_violin,D010
99.0,TM,Q5,TM10.5k,TM_02_violin,D011
86.0,TM,Q5,TM10.5k,TM_AmateurOnPurpose,D001
95.0,TM,Q5,TM10.5k,TM_AmateurOnPurpose,D002
87.0,TM,Q5,TM10.5k,TM_AmateurOnPurpose,D003
88.0,TM,Q5,TM10.5k,TM_AmateurOnPurpose,D004
90.0,TM,Q5,TM10.5k,TM_AmateurOnPurpose,D008
96.0,TM,Q5,TM10.5k,TM_AmateurOnPurpose,D009
96.0,TM,Q5,TM10.5k,TM_AmateurOnPurpose,D010
56.0,TM,Q5,TM10.5k,TM_AmateurOnPurpose,D011
87.0,TM,Q5,TM10.5k,TM_CreatureFromTheBlackjackTable,D001
95.0,TM,Q5,TM10.5k,TM_CreatureFromTheBlackjackTable,D002
96.0,TM,Q5,TM10.5k,TM_CreatureFromTheBlackjackTable,D003
99.0,TM,Q5,TM10.5k,TM_CreatureFromTheBlackjackTable,D004
85.0,TM,Q5,TM10.5k,TM_CreatureFromTheBlackjackTable,D008
98.0,TM,Q5,TM10.5k,TM_CreatureFromTheBlackjackTable,D009
99.0,TM,Q5,TM10.5k,TM_CreatureFromTheBlackjackTable,D010
99.0,TM,Q5,TM10.5k,TM_CreatureFromTheBlackjackTable,D011
100.0,TM,Ref,reference,TM_01b_trumpet,D001
99.0,TM,Ref,reference,TM_01b_trumpet,D002
100.0,TM,Ref,reference,TM_01b_trumpet,D003
100.0,TM,Ref,reference,TM_01b_trumpet,D004
95.0,TM,Ref,reference,TM_01b_trumpet,D008
90.0,TM,Ref,reference,TM_01b_trumpet,D009
100.0,TM,Ref,reference,TM_01b_trumpet,D010
100.0,TM,Ref,reference,TM_01b_trumpet,D011
100.0,TM,Ref,reference,TM_02_violin,D001
100.0,TM,Ref,reference,TM_02_violin,D002
100.0,TM,Ref,reference,TM_02_violin,D003
100.0,TM,Ref,reference,TM_02_violin,D004
100.0,TM,Ref,reference,TM_02_violin,D008
98.0,TM,Ref,reference,TM_02_violin,D009
100.0,TM,Ref,reference,TM_02_violin,D010
98.0,TM,Ref,reference,TM_02_violin,D011
100.0,TM,Ref,reference,TM_AmateurOnPurpose,D001
100.0,TM,Ref,reference,TM_AmateurOnPurpose,D002
100.0,TM,Ref,reference,TM_AmateurOnPurpose,D003
100.0,TM,Ref,reference,TM_AmateurOnPurpose,D004
100.0,TM,Ref,reference,TM_AmateurOnPurpose,D008
100.0,TM,Ref,reference,TM_AmateurOnPurpose,D009
100.0,TM,Ref,reference,TM_AmateurOnPurpose,D010
100.0,TM,Ref,reference,TM_AmateurOnPurpose,D011
100.0,TM,Ref,reference,TM_CreatureFromTheBlackjackTable,D001
100.0,TM,Ref,reference,TM_CreatureFromTheBlackjackTable,D002
100.0,TM,Ref,reference,TM_CreatureFromTheBlackjackTable,D003
100.0,TM,Ref,reference,TM_CreatureFromTheBlackjackTable,D004
100.0,TM,Ref,reference,TM_CreatureFromTheBlackjackTable,D008
100.0,TM,Ref,reference,TM_CreatureFromTheBlackjackTable,D009
100.0,TM,Ref,reference,TM_CreatureFromTheBlackjackTable,D010
100.0,TM,Ref,reference,TM_CreatureFromTheBlackjackTable,D011
11.0,UN,LP3.5,LP35,UN_20c_accordion,D001
10.0,UN,LP3.5,LP35,UN_20c_accordion,D002
10.0,UN,LP3.5,LP35,UN_20c_accordion,D003
10.0,UN,LP3.5,LP35,UN_20c_accordion,D004
10.0,UN,LP3.5,LP35,UN_20c_accordion,D008
5.0,UN,LP3.5,LP35,UN_20c_accordion,D009
10.0,UN,LP3.5,LP35,UN_20c_accordion,D010
14.0,UN,LP3.5,LP35,UN_20c_accordion,D011
14.0,UN,LP3.5,LP35,UN_21_violin,D001
11.0,UN,LP3.5,LP35,UN_21_violin,D002
8.0,UN,LP3.5,LP35,UN_21_violin,D003
10.0,UN,LP3.5,LP35,UN_21_violin,D004
10.0,UN,LP3.5,LP35,UN_21_violin,D008
8.0,UN,LP3.5,LP35,UN_21_violin,D009
6.0,UN,LP3.5,LP35,UN_21_violin,D010
7.0,UN,LP3.5,LP35,UN_21_violin,D011
17.0,UN,LP3.5,LP35,UN_AmateurOnPurpose,D001
10.0,UN,LP3.5,LP35,UN_AmateurOnPurpose,D002
8.0,UN,LP3.5,LP35,UN_AmateurOnPurpose,D003
10.0,UN,LP3.5,LP35,UN_AmateurOnPurpose,D004
11.0,UN,LP3.5,LP35,UN_AmateurOnPurpose,D008
6.0,UN,LP3.5,LP35,UN_AmateurOnPurpose,D009
10.0,UN,LP3.5,LP35,UN_AmateurOnPurpose,D010
16.0,UN,LP3.5,LP35,UN_AmateurOnPurpose,D011
14.0,UN,LP3.5,LP35,UN_CreatureFromTheBlackjackTable,D001
10.0,UN,LP3.5,LP35,UN_CreatureFromTheBlackjackTable,D002
7.0,UN,LP3.5,LP35,UN_CreatureFromTheBlackjackTable,D003
12.0,UN,LP3.5,LP35,UN_CreatureFromTheBlackjackTable,D004
10.0,UN,LP3.5,LP35,UN_CreatureFromTheBlackjackTable,D008
6.0,UN,LP3.5,LP35,UN_CreatureFromTheBlackjackTable,D009
5.0,UN,LP3.5,LP35,UN_CreatureFromTheBlackjackTable,D010
9.0,UN,LP3.5,LP35,UN_CreatureFromTheBlackjackTable,D011
24.0,UN,LP7,LP70,UN_20c_accordion,D001
18.0,UN,LP7,LP70,UN_20c_accordion,D002
14.0,UN,LP7,LP70,UN_20c_accordion,D003
20.0,UN,LP7,LP70,UN_20c_accordion,D004
20.0,UN,LP7,LP70,UN_20c_accordion,D008
13.0,UN,LP7,LP70,UN_20c_accordion,D009
21.0,UN,LP7,LP70,UN_20c_accordion,D010
24.0,UN,LP7,LP70,UN_20c_accordion,D011
36.0,UN,LP7,LP70,UN_21_violin,D001
56.0,UN,LP7,LP70,UN_21_violin,D002
10.0,UN,LP7,LP70,UN_21_violin,D003
20.0,UN,LP7,LP70,UN_21_violin,D004
20.0,UN,LP7,LP70,UN_21_violin,D008
16.0,UN,LP7,LP70,UN_21_violin,D009
75.0,UN,LP7,LP70,UN_21_violin,D010
23.0,UN,LP7,LP70,UN_21_violin,D011
25.0,UN,LP7,LP70,UN_AmateurOnPurpose,D001
19.0,UN,LP7,LP70,UN_AmateurOnPurpose,D002
15.0,UN,LP7,LP70,UN_AmateurOnPurpose,D003
20.0,UN,LP7,LP70,UN_AmateurOnPurpose,D004
19.0,UN,LP7,LP70,UN_AmateurOnPurpose,D008
14.0,UN,LP7,LP70,UN_AmateurOnPurpose,D009
21.0,UN,LP7,LP70,UN_AmateurOnPurpose,D010
19.0,UN,LP7,LP70,UN_AmateurOnPurpose,D011
25.0,UN,LP7,LP70,UN_CreatureFromTheBlackjackTable,D001
18.0,UN,LP7,LP70,UN_CreatureFromTheBlackjackTable,D002
17.0,UN,LP7,LP70,UN_CreatureFromTheBlackjackTable,D003
20.0,UN,LP7,LP70,UN_CreatureFromTheBlackjackTable,D004
20.0,UN,LP7,LP70,UN_CreatureFromTheBlackjackTable,D008
14.0,UN,LP7,LP70,UN_CreatureFromTheBlackjackTable,D009
22.0,UN,LP7,LP70,UN_CreatureFromTheBlackjackTable,D010
16.0,UN,LP7,LP70,UN_CreatureFromTheBlackjackTable,D011
35.0,UN,Q1,UN3k,UN_20c_accordion,D001
56.0,UN,Q1,UN3k,UN_20c_accordion,D002
18.0,UN,Q1,UN3k,UN_20c_accordion,D003
39.0,UN,Q1,UN3k,UN_20c_accordion,D004
33.0,UN,Q1,UN3k,UN_20c_accordion,D008
70.0,UN,Q1,UN3k,UN_20c_accordion,D009
33.0,UN,Q1,UN3k,UN_20c_accordion,D010
36.0,UN,Q1,UN3k,UN_20c_accordion,D011
29.0,UN,Q1,UN3k,UN_21_violin,D001
19.0,UN,Q1,UN3k,UN_21_violin,D002
13.0,UN,Q1,UN3k,UN_21_violin,D003
55.0,UN,Q1,UN3k,UN_21_violin,D004
33.0,UN,Q1,UN3k,UN_21_violin,D008
72.0,UN,Q1,UN3k,UN_21_violin,D009
16.0,UN,Q1,UN3k,UN_21_violin,D010
42.0,UN,Q1,UN3k,UN_21_violin,D011
43.0,UN,Q1,UN3k,UN_AmateurOnPurpose,D001
98.0,UN,Q1,UN3k,UN_AmateurOnPurpose,D002
32.0,UN,Q1,UN3k,UN_AmateurOnPurpose,D003
77.0,UN,Q1,UN3k,UN_AmateurOnPurpose,D004
38.0,UN,Q1,UN3k,UN_AmateurOnPurpose,D008
80.0,UN,Q1,UN3k,UN_AmateurOnPurpose,D009
45.0,UN,Q1,UN3k,UN_AmateurOnPurpose,D010
37.0,UN,Q1,UN3k,UN_AmateurOnPurpose,D011
59.0,UN,Q1,UN3k,UN_CreatureFromTheBlackjackTable,D001
96.0,UN,Q1,UN3k,UN_CreatureFromTheBlackjackTable,D002
34.0,UN,Q1,UN3k,UN_CreatureFromTheBlackjackTable,D003
53.0,UN,Q1,UN3k,UN_CreatureFromTheBlackjackTable,D004
30.0,UN,Q1,UN3k,UN_CreatureFromTheBlackjackTable,D008
90.0,UN,Q1,UN3k,UN_CreatureFromTheBlackjackTable,D009
34.0,UN,Q1,UN3k,UN_CreatureFromTheBlackjackTable,D010
77.0,UN,Q1,UN3k,UN_CreatureFromTheBlackjackTable,D011
60.0,UN,Q2,UN5k,UN_20c_accordion,D001
65.0,UN,Q2,UN5k,UN_20c_accordion,D002
31.0,UN,Q2,UN5k,UN_20c_accordion,D003
58.0,UN,Q2,UN5k,UN_20c_accordion,D004
42.0,UN,Q2,UN5k,UN_20c_accordion,D008
80.0,UN,Q2,UN5k,UN_20c_accordion,D009
47.0,UN,Q2,UN5k,UN_20c_accordion,D010
46.0,UN,Q2,UN5k,UN_20c_accordion,D011
46.0,UN,Q2,UN5k,UN_21_violin,D001
65.0,UN,Q2,UN5k,UN_21_violin,D002
29.0,UN,Q2,UN5k,UN_21_violin,D003
63.0,UN,Q2,UN5k,UN_21_violin,D004
55.0,UN,Q2,UN5k,UN_21_violin,D008
83.0,UN,Q2,UN5k,UN_21_violin,D009
31.0,UN,Q2,UN5k,UN_21_violin,D010
45.0,UN,Q2,UN5k,UN_21_violin,D011
61.0,UN,Q2,UN5k,UN_AmateurOnPurpose,D001
96.0,UN,Q2,UN5k,UN_AmateurOnPurpose,D002
46.0,UN,Q2,UN5k,UN_AmateurOnPurpose,D003
62.0,UN,Q2,UN5k,UN_AmateurOnPurpose,D004
61.0,UN,Q2,UN5k,UN_AmateurOnPurpose,D008
92.0,UN,Q2,UN5k,UN_AmateurOnPurpose,D009
60.0,UN,Q2,UN5k,UN_AmateurOnPurpose,D010
74.0,UN,Q2,UN5k,UN_AmateurOnPurpose,D011
96.0,UN,Q2,UN5k,UN_CreatureFromTheBlackjackTable,D001
82.0,UN,Q2,UN5k,UN_CreatureFromTheBlackjackTable,D002
91.0,UN,Q2,UN5k,UN_CreatureFromTheBlackjackTable,D003
71.0,UN,Q2,UN5k,UN_CreatureFromTheBlackjackTable,D004
81.0,UN,Q2,UN5k,UN_CreatureFromTheBlackjackTable,D008
97.0,UN,Q2,UN5k,UN_CreatureFromTheBlackjackTable,D009
98.0,UN,Q2,UN5k,UN_CreatureFromTheBlackjackTable,D010
100.0,UN,Q2,UN5k,UN_CreatureFromTheBlackjackTable,D011
66.0,UN,Q3,UN7k,UN_20c_accordion,D001
74.0,UN,Q3,UN7k,UN_20c_accordion,D002
50.0,UN,Q3,UN7k,UN_20c_accordion,D003
66.0,UN,Q3,UN7k,UN_20c_accordion,D004
66.0,UN,Q3,UN7k,UN_20c_accordion,D008
85.0,UN,Q3,UN7k,UN_20c_accordion,D009
45.0,UN,Q3,UN7k,UN_20c_accordion,D010
56.0,UN,Q3,UN7k,UN_20c_accordion,D011
41.0,UN,Q3,UN7k,UN_21_violin,D001
79.0,UN,Q3,UN7k,UN_21_violin,D002
61.0,UN,Q3,UN7k,UN_21_violin,D003
71.0,UN,Q3,UN7k,UN_21_violin,D004
75.0,UN,Q3,UN7k,UN_21_violin,D008
92.0,UN,Q3,UN7k,UN_21_violin,D009
45.0,UN,Q3,UN7k,UN_21_violin,D010
57.0,UN,Q3,UN7k,UN_21_violin,D011
75.0,UN,Q3,UN7k,UN_AmateurOnPurpose,D001
94.0,UN,Q3,UN7k,UN_AmateurOnPurpose,D002
86.0,UN,Q3,UN7k,UN_AmateurOnPurpose,D003
69.0,UN,Q3,UN7k,UN_AmateurOnPurpose,D004
55.0,UN,Q3,UN7k,UN_AmateurOnPurpose,D008
100.0,UN,Q3,UN7k,UN_AmateurOnPurpose,D009
67.0,UN,Q3,UN7k,UN_AmateurOnPurpose,D010
81.0,UN,Q3,UN7k,UN_AmateurOnPurpose,D011
94.0,UN,Q3,UN7k,UN_CreatureFromTheBlackjackTable,D001
87.0,UN,Q3,UN7k,UN_CreatureFromTheBlackjackTable,D002
86.0,UN,Q3,UN7k,UN_CreatureFromTheBlackjackTable,D003
82.0,UN,Q3,UN7k,UN_CreatureFromTheBlackjackTable,D004
68.0,UN,Q3,UN7k,UN_CreatureFromTheBlackjackTable,D008
93.0,UN,Q3,UN7k,UN_CreatureFromTheBlackjackTable,D009
55.0,UN,Q3,UN7k,UN_CreatureFromTheBlackjackTable,D010
73.0,UN,Q3,UN7k,UN_CreatureFromTheBlackjackTable,D011
87.0,UN,Q4,UN9k,UN_20c_accordion,D001
91.0,UN,Q4,UN9k,UN_20c_accordion,D002
65.0,UN,Q4,UN9k,UN_20c_accordion,D003
85.0,UN,Q4,UN9k,UN_20c_accordion,D004
80.0,UN,Q4,UN9k,UN_20c_accordion,D008
94.0,UN,Q4,UN9k,UN_20c_accordion,D009
67.0,UN,Q4,UN9k,UN_20c_accordion,D010
99.0,UN,Q4,UN9k,UN_20c_accordion,D011
52.0,UN,Q4,UN9k,UN_21_violin,D001
90.0,UN,Q4,UN9k,UN_21_violin,D002
47.0,UN,Q4,UN9k,UN_21_violin,D003
98.0,UN,Q4,UN9k,UN_21_violin,D004
90.0,UN,Q4,UN9k,UN_21_violin,D008
95.0,UN,Q4,UN9k,UN_21_violin,D009
60.0,UN,Q4,UN9k,UN_21_violin,D010
100.0,UN,Q4,UN9k,UN_21_violin,D011
67.0,UN,Q4,UN9k,UN_AmateurOnPurpose,D001
100.0,UN,Q4,UN9k,UN_AmateurOnPurpose,D002
66.0,UN,Q4,UN9k,UN_AmateurOnPurpose,D003
85.0,UN,Q4,UN9k,UN_AmateurOnPurpose,D004
86.0,UN,Q4,UN9k,UN_AmateurOnPurpose,D008
77.0,UN,Q4,UN9k,UN_AmateurOnPurpose,D009
97.0,UN,Q4,UN9k,UN_AmateurOnPurpose,D010
89.0,UN,Q4,UN9k,UN_AmateurOnPurpose,D011
90.0,UN,Q4,UN9k,UN_CreatureFromTheBlackjackTable,D001
92.0,UN,Q4,UN9k,UN_CreatureFromTheBlackjackTable,D002
100.0,UN,Q4,UN9k,UN_CreatureFromTheBlackjackTable,D003
99.0,UN,Q4,UN9k,UN_CreatureFromTheBlackjackTable,D004
60.0,UN,Q4,UN9k,UN_CreatureFromTheBlackjackTable,D008
94.0,UN,Q4,UN9k,UN_CreatureFromTheBlackjackTable,D009
80.0,UN,Q4,UN9k,UN_CreatureFromTheBlackjackTable,D010
85.0,UN,Q4,UN9k,UN_CreatureFromTheBlackjackTable,D011
93.0,UN,Q5,UN10.5k,UN_20c_accordion,D001
85.0,UN,Q5,UN10.5k,UN_20c_accordion,D002
100.0,UN,Q5,UN10.5k,UN_20c_accordion,D003
98.0,UN,Q5,UN10.5k,UN_20c_accordion,D004
90.0,UN,Q5,UN10.5k,UN_20c_accordion,D008
98.0,UN,Q5,UN10.5k,UN_20c_accordion,D009
87.0,UN,Q5,UN10.5k,UN_20c_accordion,D010
79.0,UN,Q5,UN10.5k,UN_20c_accordion,D011
69.0,UN,Q5,UN10.5k,UN_21_violin,D001
97.0,UN,Q5,UN10.5k,UN_21_violin,D002
77.0,UN,Q5,UN10.5k,UN_21_violin,D003
79.0,UN,Q5,UN10.5k,UN_21_violin,D004
85.0,UN,Q5,UN10.5k,UN_21_violin,D008
97.0,UN,Q5,UN10.5k,UN_21_violin,D009
89.0,UN,Q5,UN10.5k,UN_21_violin,D010
97.0,UN,Q5,UN10.5k,UN_21_violin,D011
95.0,UN,Q5,UN10.5k,UN_AmateurOnPurpose,D001
90.0,UN,Q5,UN10.5k,UN_AmateurOnPurpose,D002
78.0,UN,Q5,UN10.5k,UN_AmateurOnPurpose,D003
97.0,UN,Q5,UN10.5k,UN_AmateurOnPurpose,D004
75.0,UN,Q5,UN10.5k,UN_AmateurOnPurpose,D008
72.0,UN,Q5,UN10.5k,UN_AmateurOnPurpose,D009
81.0,UN,Q5,UN10.5k,UN_AmateurOnPurpose,D010
100.0,UN,Q5,UN10.5k,UN_AmateurOnPurpose,D011
97.0,UN,Q5,UN10.5k,UN_CreatureFromTheBlackjackTable,D001
100.0,UN,Q5,UN10.5k,UN_CreatureFromTheBlackjackTable,D002
65.0,UN,Q5,UN10.5k,UN_CreatureFromTheBlackjackTable,D003
89.0,UN,Q5,UN10.5k,UN_CreatureFromTheBlackjackTable,D004
100.0,UN,Q5,UN10.5k,UN_CreatureFromTheBlackjackTable,D008
100.0,UN,Q5,UN10.5k,UN_CreatureFromTheBlackjackTable,D009
75.0,UN,Q5,UN10.5k,UN_CreatureFromTheBlackjackTable,D010
85.0,UN,Q5,UN10.5k,UN_CreatureFromTheBlackjackTable,D011
100.0,UN,Ref,reference,UN_20c_accordion,D001
100.0,UN,Ref,reference,UN_20c_accordion,D002
87.0,UN,Ref,reference,UN_20c_accordion,D003
100.0,UN,Ref,reference,UN_20c_accordion,D004
100.0,UN,Ref,reference,UN_20c_accordion,D008
100.0,UN,Ref,reference,UN_20c_accordion,D009
100.0,UN,Ref,reference,UN_20c_accordion,D010
100.0,UN,Ref,reference,UN_20c_accordion,D011
100.0,UN,Ref,reference,UN_21_violin,D001
100.0,UN,Ref,reference,UN_21_violin,D002
100.0,UN,Ref,reference,UN_21_violin,D003
100.0,UN,Ref,reference,UN_21_violin,D004
100.0,UN,Ref,reference,UN_21_violin,D008
100.0,UN,Ref,reference,UN_21_violin,D009
100.0,UN,Ref,reference,UN_21_violin,D010
99.0,UN,Ref,reference,UN_21_violin,D011
100.0,UN,Ref,reference,UN_AmateurOnPurpose,D001
99.0,UN,Ref,reference,UN_AmateurOnPurpose,D002
100.0,UN,Ref,reference,UN_AmateurOnPurpose,D003
100.0,UN,Ref,reference,UN_AmateurOnPurpose,D004
100.0,UN,Ref,reference,UN_AmateurOnPurpose,D008
87.0,UN,Ref,reference,UN_AmateurOnPurpose,D009
100.0,UN,Ref,reference,UN_AmateurOnPurpose,D010
99.0,UN,Ref,reference,UN_AmateurOnPurpose,D011
100.0,UN,Ref,reference,UN_CreatureFromTheBlackjackTable,D001
90.0,UN,Ref,reference,UN_CreatureFromTheBlackjackTable,D002
97.0,UN,Ref,reference,UN_CreatureFromTheBlackjackTable,D003
100.0,UN,Ref,reference,UN_CreatureFromTheBlackjackTable,D004
93.0,UN,Ref,reference,UN_CreatureFromTheBlackjackTable,D008
96.0,UN,Ref,reference,UN_CreatureFromTheBlackjackTable,D009
100.0,UN,Ref,reference,UN_CreatureFromTheBlackjackTable,D010
99.0,UN,Ref,reference,UN_CreatureFromTheBlackjackTable,D011
